#Data tag : 24v1 , Norm tag: None
#run:fill,ls,time,beamstatus,E(GeV),delivered(1e30/cm2s),recorded(1e30/cm2s),avgpu,source
379420:9518,36:36,04/14/24 23:02:08,STABLE BEAMS,6800,6126.293123463,5960.798822569,36.4,PLTZERO
379420:9518,37:37,04/14/24 23:02:32,STABLE BEAMS,6800,6120.921363936,2727.628028552,36.3,PLTZERO
379420:9518,38:38,04/14/24 23:02:55,STABLE BEAMS,6800,3211.068495349,565.654768436,36.3,PLTZERO
379420:9518,39:39,04/14/24 23:03:18,STABLE BEAMS,6800,129.788593593,128.975578422,0.3,PLTZERO
379420:9518,40:40,04/14/24 23:03:42,STABLE BEAMS,6800,640.623094911,615.693367748,1.7,PLTZERO
379420:9518,41:41,04/14/24 23:04:05,STABLE BEAMS,6800,1856.227685961,1821.834816536,6.6,PLTZERO
379420:9518,42:42,04/14/24 23:04:28,STABLE BEAMS,6800,4262.158063233,4160.992582237,17.0,PLTZERO
379420:9518,43:43,04/14/24 23:04:52,STABLE BEAMS,6800,5853.235657760,5694.481332119,32.3,PLTZERO
379420:9518,44:44,04/14/24 23:05:15,STABLE BEAMS,6800,5157.598639259,5027.650936348,35.8,PLTZERO
379420:9518,45:45,04/14/24 23:05:38,STABLE BEAMS,6800,3073.131265425,3006.742576685,24.0,PLTZERO
379420:9518,46:46,04/14/24 23:06:01,STABLE BEAMS,6800,1087.216265255,1066.820933634,12.3,PLTZERO
379420:9518,47:47,04/14/24 23:06:25,STABLE BEAMS,6800,323.358554788,319.187761398,3.1,PLTZERO
379420:9518,48:48,04/14/24 23:06:48,STABLE BEAMS,6800,724.239902422,709.886883738,1.0,PLTZERO
379420:9518,49:49,04/14/24 23:07:11,STABLE BEAMS,6800,2883.733585669,2805.979277085,35.9,PLTZERO
379420:9518,50:50,04/14/24 23:07:35,STABLE BEAMS,6800,431.998904597,426.564975993,1.4,PLTZERO
379420:9518,51:51,04/14/24 23:07:58,STABLE BEAMS,6800,1149.991553233,1130.240413141,5.0,PLTZERO
379420:9518,52:52,04/14/24 23:08:21,STABLE BEAMS,6800,2612.289693893,2560.867325334,9.1,PLTZERO
379420:9518,53:53,04/14/24 23:08:45,STABLE BEAMS,6800,4738.334627267,4625.415813470,24.2,PLTZERO
379420:9518,54:54,04/14/24 23:09:08,STABLE BEAMS,6800,5899.448622218,5744.605557293,32.0,PLTZERO
379420:9518,55:55,04/14/24 23:09:31,STABLE BEAMS,6800,5149.684314758,5020.642402120,34.1,PLTZERO
379420:9518,56:56,04/14/24 23:09:55,STABLE BEAMS,6800,3073.550959451,3006.222299297,27.7,PLTZERO
379420:9518,57:57,04/14/24 23:10:18,STABLE BEAMS,6800,1476.921309372,1449.167941842,11.7,PLTZERO
379420:9518,58:58,04/14/24 23:10:41,STABLE BEAMS,6800,562.733528807,553.739026206,6.2,PLTZERO
379420:9518,59:59,04/14/24 23:11:05,STABLE BEAMS,6800,3261.306014309,3182.632975021,2.0,PLTZERO
379420:9518,60:60,04/14/24 23:11:28,STABLE BEAMS,6800,6059.740119231,5896.887996640,35.8,PLTZERO
379420:9518,61:61,04/14/24 23:11:51,STABLE BEAMS,6800,6063.621598952,5899.797273870,36.0,PLTZERO
379420:9518,62:62,04/14/24 23:12:14,STABLE BEAMS,6800,6065.092348105,5902.220204845,36.0,PLTZERO
379420:9518,63:63,04/14/24 23:12:38,STABLE BEAMS,6800,6047.105906990,5883.213219623,35.9,PLTZERO
379420:9518,64:64,04/14/24 23:13:01,STABLE BEAMS,6800,6005.497096405,5845.435107062,35.8,PLTZERO
379420:9518,65:65,04/14/24 23:13:24,STABLE BEAMS,6800,5983.135999087,5823.428021575,35.5,PLTZERO
379420:9518,66:66,04/14/24 23:13:48,STABLE BEAMS,6800,6000.426606947,5839.939313390,35.5,PLTZERO
379420:9518,67:67,04/14/24 23:14:11,STABLE BEAMS,6800,6026.186747863,5865.422095036,35.7,PLTZERO
379420:9518,68:68,04/14/24 23:14:34,STABLE BEAMS,6800,6032.001392191,5869.682497420,35.8,PLTZERO
379420:9518,69:69,04/14/24 23:14:58,STABLE BEAMS,6800,6023.577290653,5862.675913257,35.8,PLTZERO
379420:9518,70:70,04/14/24 23:15:21,STABLE BEAMS,6800,5992.832123136,5833.074823976,35.6,PLTZERO
379420:9518,71:71,04/14/24 23:15:44,STABLE BEAMS,6800,5979.301390933,5819.828291271,35.5,PLTZERO
379420:9518,72:72,04/14/24 23:16:08,STABLE BEAMS,6800,5961.346200863,5803.465434417,35.4,PLTZERO
379420:9518,73:73,04/14/24 23:16:31,STABLE BEAMS,6800,5952.610068897,5794.067660339,35.3,PLTZERO
379420:9518,74:74,04/14/24 23:16:54,STABLE BEAMS,6800,5952.832736339,5795.055493353,35.3,PLTZERO
379420:9518,75:75,04/14/24 23:17:18,STABLE BEAMS,6800,5947.136255960,5789.612441443,35.3,PLTZERO
379420:9518,76:76,04/14/24 23:17:41,STABLE BEAMS,6800,5930.843231440,5765.806465837,35.3,PLTZERO
379420:9518,77:77,04/14/24 23:18:04,STABLE BEAMS,6800,5925.034447307,5767.653697572,35.1,PLTZERO
379420:9518,78:78,04/14/24 23:18:27,STABLE BEAMS,6800,5931.918457374,5775.500149804,35.2,PLTZERO
379420:9518,79:79,04/14/24 23:18:51,STABLE BEAMS,6800,5936.939135167,5778.920184103,35.2,PLTZERO
379420:9518,80:80,04/14/24 23:19:14,STABLE BEAMS,6800,5940.721491575,5783.391033521,35.3,PLTZERO
379420:9518,81:81,04/14/24 23:19:37,STABLE BEAMS,6800,5934.487393229,5776.195973059,35.2,PLTZERO
379420:9518,82:82,04/14/24 23:20:01,STABLE BEAMS,6800,5929.113193621,5772.459518185,35.2,PLTZERO
379420:9518,83:83,04/14/24 23:20:24,STABLE BEAMS,6800,5924.745367646,5767.502322513,35.2,PLTZERO
379420:9518,84:84,04/14/24 23:20:47,STABLE BEAMS,6800,5919.568924647,5762.262887409,35.1,PLTZERO
379420:9518,85:85,04/14/24 23:21:11,STABLE BEAMS,6800,5914.283107993,5757.267610465,35.1,PLTZERO
379420:9518,86:86,04/14/24 23:21:34,STABLE BEAMS,6800,5909.895751365,5753.563866684,35.1,PLTZERO
379420:9518,87:87,04/14/24 23:21:57,STABLE BEAMS,6800,5907.033355703,5750.665329813,35.0,PLTZERO
379420:9518,88:88,04/14/24 23:22:21,STABLE BEAMS,6800,6016.143932227,5854.980836084,35.2,PLTZERO
379420:9518,89:89,04/14/24 23:22:44,STABLE BEAMS,6800,6122.613800498,5956.503759026,36.0,PLTZERO
379420:9518,90:90,04/14/24 23:23:07,STABLE BEAMS,6800,6340.121069688,6166.183126604,37.1,PLTZERO
379420:9518,91:91,04/14/24 23:23:30,STABLE BEAMS,6800,6575.209976465,6390.390329710,38.1,PLTZERO
379420:9518,92:92,04/14/24 23:23:54,STABLE BEAMS,6800,6773.504203547,6579.274572306,39.5,PLTZERO
379420:9518,93:93,04/14/24 23:24:17,STABLE BEAMS,6800,7039.526284124,6830.755146899,41.2,PLTZERO
379420:9518,94:94,04/14/24 23:24:40,STABLE BEAMS,6800,7318.086863744,7096.229349166,42.8,PLTZERO
379420:9518,95:95,04/14/24 23:25:04,STABLE BEAMS,6800,7607.391942449,7368.989924947,44.2,PLTZERO
379420:9518,96:96,04/14/24 23:25:27,STABLE BEAMS,6800,7914.197606032,7657.893630238,45.8,PLTZERO
379420:9518,97:97,04/14/24 23:25:50,STABLE BEAMS,6800,8239.131805479,7964.015180958,47.7,PLTZERO
379420:9518,98:98,04/14/24 23:26:14,STABLE BEAMS,6800,8589.529255918,8289.588561766,50.2,PLTZERO
379420:9518,99:99,04/14/24 23:26:37,STABLE BEAMS,6800,8824.291001761,8383.030164626,52.3,PLTZERO
379420:9518,100:100,04/14/24 23:27:00,STABLE BEAMS,6800,8215.302879105,7941.789348160,51.6,PLTZERO
379420:9518,101:101,04/14/24 23:27:24,STABLE BEAMS,6800,7909.200849038,7654.236278008,47.0,PLTZERO
379420:9518,102:102,04/14/24 23:27:47,STABLE BEAMS,6800,8040.694013599,7779.155492864,47.0,PLTZERO
379420:9518,103:103,04/14/24 23:28:10,STABLE BEAMS,6800,8081.608960994,7816.492190673,48.0,PLTZERO
379420:9518,104:104,04/14/24 23:28:34,STABLE BEAMS,6800,8067.889262476,7805.821914068,47.8,PLTZERO
379420:9518,105:105,04/14/24 23:28:57,STABLE BEAMS,6800,8115.780513023,7849.294066927,48.1,PLTZERO
379420:9518,106:106,04/14/24 23:29:20,STABLE BEAMS,6800,8087.629182193,7822.158880056,48.1,PLTZERO
379420:9518,107:107,04/14/24 23:29:43,STABLE BEAMS,6800,8087.811318280,7823.335189369,48.0,PLTZERO
379420:9518,108:108,04/14/24 23:30:07,STABLE BEAMS,6800,8081.265199506,7817.395050847,47.9,PLTZERO
379420:9518,109:109,04/14/24 23:30:30,STABLE BEAMS,6800,8080.683150053,7815.861309589,48.0,PLTZERO
379420:9518,110:110,04/14/24 23:30:53,STABLE BEAMS,6800,8060.897328802,7787.200191721,47.9,PLTZERO
379420:9518,111:111,04/14/24 23:31:17,STABLE BEAMS,6800,8113.951831908,7844.428664323,47.8,PLTZERO
379420:9518,112:112,04/14/24 23:31:40,STABLE BEAMS,6800,8341.238727938,8054.370740681,48.5,PLTZERO
379420:9518,113:113,04/14/24 23:32:03,STABLE BEAMS,6800,8521.356077540,8227.258358663,50.5,PLTZERO
379420:9518,114:114,04/14/24 23:32:27,STABLE BEAMS,6800,8513.071620670,8220.583325580,50.6,PLTZERO
379420:9518,115:115,04/14/24 23:32:50,STABLE BEAMS,6800,8515.687918108,8218.280518619,50.5,PLTZERO
379420:9518,116:116,04/14/24 23:33:13,STABLE BEAMS,6800,8519.253467270,8227.024950862,50.6,PLTZERO
379420:9518,117:117,04/14/24 23:33:37,STABLE BEAMS,6800,8575.357882305,8280.493537806,50.5,PLTZERO
379420:9518,118:118,04/14/24 23:34:00,STABLE BEAMS,6800,8785.966480939,8464.855169255,51.8,PLTZERO
379420:9518,119:119,04/14/24 23:34:23,STABLE BEAMS,6800,8910.657178158,8466.668699864,52.9,PLTZERO
379420:9518,120:120,04/14/24 23:34:47,STABLE BEAMS,6800,8893.287447653,8571.994489899,52.8,PLTZERO
379420:9518,121:121,04/14/24 23:35:10,STABLE BEAMS,6800,8885.491297103,8566.656421498,52.8,PLTZERO
379420:9518,122:122,04/14/24 23:35:33,STABLE BEAMS,6800,8878.555515306,8549.552329872,52.7,PLTZERO
379420:9518,123:123,04/14/24 23:35:56,STABLE BEAMS,6800,8872.251594626,8559.183511750,52.7,PLTZERO
379420:9518,124:124,04/14/24 23:36:20,STABLE BEAMS,6800,8899.844316787,8583.204824553,52.6,PLTZERO
379420:9518,125:125,04/14/24 23:36:43,STABLE BEAMS,6800,9039.571636537,8717.644867600,53.3,PLTZERO
379420:9518,126:126,04/14/24 23:37:06,STABLE BEAMS,6800,9227.180446507,8763.913983934,54.6,PLTZERO
379420:9518,127:127,04/14/24 23:37:30,STABLE BEAMS,6800,9202.733339474,8868.657724517,54.7,PLTZERO
379420:9518,128:128,04/14/24 23:37:53,STABLE BEAMS,6800,9192.909771166,8856.619232185,54.5,PLTZERO
379420:9518,129:129,04/14/24 23:38:16,STABLE BEAMS,6800,9189.227028087,8854.737339291,54.5,PLTZERO
379420:9518,130:130,04/14/24 23:38:40,STABLE BEAMS,6800,9170.465661074,8840.229034417,54.4,PLTZERO
379420:9518,131:131,04/14/24 23:39:03,STABLE BEAMS,6800,9371.632544161,9016.066940999,54.8,PLTZERO
379420:9518,132:132,04/14/24 23:39:26,STABLE BEAMS,6800,9384.299957512,8904.591545441,55.5,PLTZERO
379420:9518,133:133,04/14/24 23:39:50,STABLE BEAMS,6800,9846.011678124,9318.543849913,57.2,PLTZERO
379420:9518,134:134,04/14/24 23:40:13,STABLE BEAMS,6800,10205.412369457,9639.728414045,60.5,PLTZERO
379420:9518,135:135,04/14/24 23:40:36,STABLE BEAMS,6800,10193.912985142,9638.849474671,60.6,PLTZERO
379420:9518,136:136,04/14/24 23:40:59,STABLE BEAMS,6800,10182.132291426,9620.248273010,60.4,PLTZERO
379420:9518,137:137,04/14/24 23:41:23,STABLE BEAMS,6800,10178.352865116,9618.864436762,60.4,PLTZERO
379420:9518,138:138,04/14/24 23:41:46,STABLE BEAMS,6800,10176.582305943,9617.976707093,60.4,PLTZERO
379420:9518,139:139,04/14/24 23:42:09,STABLE BEAMS,6800,10166.810479364,9609.214694263,60.4,PLTZERO
379420:9518,140:140,04/14/24 23:42:33,STABLE BEAMS,6800,10145.606670723,9588.578264584,60.3,PLTZERO
379420:9518,141:141,04/14/24 23:42:56,STABLE BEAMS,6800,10145.540268504,9729.967759885,60.1,PLTZERO
379420:9518,142:142,04/14/24 23:43:19,STABLE BEAMS,6800,10135.601436344,9215.370481813,60.1,PLTZERO
379420:9518,143:143,04/14/24 23:43:43,STABLE BEAMS,6800,10119.868510542,7494.064905009,60.1,PLTZERO
379420:9518,144:144,04/14/24 23:44:06,STABLE BEAMS,6800,10265.800087641,9832.006320059,60.7,PLTZERO
379420:9518,145:145,04/14/24 23:44:29,STABLE BEAMS,6800,10263.482610190,9826.154564491,60.9,PLTZERO
379420:9518,146:146,04/14/24 23:44:53,STABLE BEAMS,6800,10258.648548633,9817.269507548,60.9,PLTZERO
379420:9518,147:147,04/14/24 23:45:16,STABLE BEAMS,6800,10232.816585318,9671.569318182,60.9,PLTZERO
379420:9518,148:148,04/14/24 23:45:39,STABLE BEAMS,6800,10193.360166666,9775.488811218,60.2,PLTZERO
379420:9518,149:149,04/14/24 23:46:03,STABLE BEAMS,6800,10271.713385266,9694.922638661,61.0,PLTZERO
379420:9518,150:150,04/14/24 23:46:26,STABLE BEAMS,6800,10238.396871813,9677.769725403,60.8,PLTZERO
379420:9518,151:151,04/14/24 23:46:49,STABLE BEAMS,6800,10218.987023128,9798.620444288,60.7,PLTZERO
379420:9518,152:152,04/14/24 23:47:12,STABLE BEAMS,6800,10220.440171692,9797.706353739,60.6,PLTZERO
379420:9518,153:153,04/14/24 23:47:36,STABLE BEAMS,6800,10200.975721182,9779.815125806,60.6,PLTZERO
379420:9518,154:154,04/14/24 23:47:59,STABLE BEAMS,6800,10177.346931497,9759.062482243,60.4,PLTZERO
379420:9518,155:155,04/14/24 23:48:22,STABLE BEAMS,6800,10151.394964171,9600.342327744,60.3,PLTZERO
379420:9518,156:156,04/14/24 23:48:46,STABLE BEAMS,6800,10123.270924253,9573.978166642,60.1,PLTZERO
379420:9518,157:157,04/14/24 23:49:09,STABLE BEAMS,6800,10253.756785149,9687.901894024,60.9,PLTZERO
379420:9518,158:158,04/14/24 23:49:32,STABLE BEAMS,6800,10235.879187671,9814.635629523,60.8,PLTZERO
379420:9518,159:159,04/14/24 23:49:56,STABLE BEAMS,6800,10223.550675647,9800.976963044,60.7,PLTZERO
379420:9518,160:160,04/14/24 23:50:19,STABLE BEAMS,6800,10192.276130438,9774.172357222,60.8,PLTZERO
379420:9518,161:161,04/14/24 23:50:42,STABLE BEAMS,6800,10128.878511661,9713.477948788,60.2,PLTZERO
379420:9518,162:162,04/14/24 23:51:06,STABLE BEAMS,6800,10235.085261138,9812.980294201,60.0,PLTZERO
379420:9518,163:163,04/14/24 23:51:29,STABLE BEAMS,6800,10229.207064686,9663.031922859,60.8,PLTZERO
379420:9518,164:164,04/14/24 23:51:52,STABLE BEAMS,6800,10200.545006787,9781.885504999,60.3,PLTZERO
379420:9518,165:165,04/14/24 23:52:15,STABLE BEAMS,6800,10266.071596715,9837.642258415,60.9,PLTZERO
379420:9518,166:166,04/14/24 23:52:39,STABLE BEAMS,6800,10226.868186520,9800.113654192,60.8,PLTZERO
379420:9518,167:167,04/14/24 23:53:02,STABLE BEAMS,6800,10212.896019563,9653.483753755,60.7,PLTZERO
379420:9518,168:168,04/14/24 23:53:25,STABLE BEAMS,6800,10196.822182369,7485.603692231,60.5,PLTZERO
379420:9518,169:169,04/14/24 23:53:49,STABLE BEAMS,6800,10174.713043471,7424.656825360,60.4,PLTZERO
379420:9518,170:170,04/14/24 23:54:12,STABLE BEAMS,6800,10162.241926681,9615.668039937,60.3,PLTZERO
379420:9518,171:171,04/14/24 23:54:35,STABLE BEAMS,6800,10140.989316409,9700.422822479,60.2,PLTZERO
379420:9518,172:172,04/14/24 23:54:59,STABLE BEAMS,6800,10119.671203948,9570.470239406,60.1,PLTZERO
379420:9518,173:173,04/14/24 23:55:22,STABLE BEAMS,6800,10203.103692299,9637.033013964,60.1,PLTZERO
379420:9518,174:174,04/14/24 23:55:45,STABLE BEAMS,6800,10174.102723074,7289.463827149,60.4,PLTZERO
379420:9518,175:175,04/14/24 23:56:09,STABLE BEAMS,6800,10164.578004754,9726.479363301,60.3,PLTZERO
379420:9518,176:176,04/14/24 23:56:32,STABLE BEAMS,6800,10140.006883576,9729.680640289,60.3,PLTZERO
379420:9518,177:177,04/14/24 23:56:55,STABLE BEAMS,6800,10156.610938491,9743.070737792,60.1,PLTZERO
379420:9518,178:178,04/14/24 23:57:19,STABLE BEAMS,6800,10313.658187080,9884.158453007,61.2,PLTZERO
379420:9518,179:179,04/14/24 23:57:42,STABLE BEAMS,6800,10310.802591645,9877.467809402,61.2,PLTZERO
379420:9518,180:180,04/14/24 23:58:05,STABLE BEAMS,6800,10322.217973152,9889.907675148,61.2,PLTZERO
379420:9518,181:181,04/14/24 23:58:28,STABLE BEAMS,6800,10317.623119590,9880.720838120,61.3,PLTZERO
379420:9518,182:182,04/14/24 23:58:52,STABLE BEAMS,6800,10317.979631505,9742.479898046,61.2,PLTZERO
379420:9518,183:183,04/14/24 23:59:15,STABLE BEAMS,6800,10321.221939864,9874.532161292,61.3,PLTZERO
379420:9518,184:184,04/14/24 23:59:38,STABLE BEAMS,6800,10324.742557525,9898.325926490,61.2,PLTZERO
379420:9518,185:185,04/15/24 00:00:02,STABLE BEAMS,6800,10321.622253243,9887.080430660,61.2,PLTZERO
379420:9518,186:186,04/15/24 00:00:25,STABLE BEAMS,6800,10308.522215434,9882.163276327,61.2,PLTZERO
379420:9518,187:187,04/15/24 00:00:48,STABLE BEAMS,6800,10299.956529165,9869.583755914,61.1,PLTZERO
379420:9518,188:188,04/15/24 00:01:12,STABLE BEAMS,6800,10302.793523978,9874.404227016,61.1,PLTZERO
379420:9518,189:189,04/15/24 00:01:35,STABLE BEAMS,6800,10306.796557762,9877.525421328,61.1,PLTZERO
379420:9518,190:190,04/15/24 00:01:58,STABLE BEAMS,6800,10382.324481939,9945.503283178,61.7,PLTZERO
379420:9518,191:191,04/15/24 00:02:22,STABLE BEAMS,6800,10256.114263937,9690.778950177,60.9,PLTZERO
379420:9518,192:192,04/15/24 00:02:45,STABLE BEAMS,6800,10229.252966220,9810.719478643,60.7,PLTZERO
379420:9518,193:193,04/15/24 00:03:08,STABLE BEAMS,6800,10181.583473084,9627.719222693,60.7,PLTZERO
379420:9518,194:194,04/15/24 00:03:32,STABLE BEAMS,6800,9351.102558040,9000.199230693,58.3,PLTZERO
379420:9518,195:195,04/15/24 00:03:55,STABLE BEAMS,6800,9185.855825420,8848.591623899,54.9,PLTZERO
379420:9518,196:196,04/15/24 00:04:18,STABLE BEAMS,6800,9243.619475907,8907.247884217,54.4,PLTZERO
379420:9518,197:197,04/15/24 00:04:41,STABLE BEAMS,6800,9458.562199389,9100.630317145,55.5,PLTZERO
379420:9518,198:198,04/15/24 00:05:05,STABLE BEAMS,6800,9700.638649693,9314.324958916,56.9,PLTZERO
379420:9518,199:199,04/15/24 00:05:28,STABLE BEAMS,6800,9883.157449553,9489.220454002,58.2,PLTZERO
379420:9518,200:200,04/15/24 00:05:51,STABLE BEAMS,6800,10030.803033934,5598.880477096,59.2,PLTZERO
379420:9518,201:201,04/15/24 00:06:15,STABLE BEAMS,6800,10119.243489654,9709.663371303,59.9,PLTZERO
379420:9518,202:202,04/15/24 00:06:38,STABLE BEAMS,6800,10181.697676901,9760.246111801,60.2,PLTZERO
379420:9518,203:203,04/15/24 00:07:01,STABLE BEAMS,6800,10221.795716995,9803.801277434,60.5,PLTZERO
379420:9518,204:204,04/15/24 00:07:25,STABLE BEAMS,6800,10235.637979610,9663.967504126,60.7,PLTZERO
379420:9518,205:205,04/15/24 00:07:48,STABLE BEAMS,6800,10242.953624102,9817.351540290,60.7,PLTZERO
379420:9518,206:206,04/15/24 00:08:11,STABLE BEAMS,6800,10245.181298552,9821.935673493,60.8,PLTZERO
379420:9518,207:207,04/15/24 00:08:35,STABLE BEAMS,6800,10239.958424001,9813.895364783,60.8,PLTZERO
379420:9518,208:208,04/15/24 00:08:58,STABLE BEAMS,6800,10253.838787889,9827.936854056,60.8,PLTZERO
379420:9518,209:209,04/15/24 00:09:21,STABLE BEAMS,6800,9828.277685446,9444.358604699,60.8,PLTZERO
379420:9518,210:210,04/15/24 00:09:44,STABLE BEAMS,6800,9501.419101686,9139.928510508,56.6,PLTZERO
379420:9518,211:211,04/15/24 00:10:08,STABLE BEAMS,6800,9572.858019207,9211.523673251,56.4,PLTZERO
379420:9518,212:212,04/15/24 00:10:31,STABLE BEAMS,6800,9705.992348616,9332.711313396,57.2,PLTZERO
379420:9518,213:213,04/15/24 00:10:54,STABLE BEAMS,6800,9822.995278906,9433.850443511,58.1,PLTZERO
379420:9518,214:214,04/15/24 00:11:18,STABLE BEAMS,6800,9808.217445024,9421.459399397,58.3,PLTZERO
379420:9518,215:215,04/15/24 00:11:41,STABLE BEAMS,6800,9793.180812493,9410.206093306,58.1,PLTZERO
379420:9518,216:216,04/15/24 00:12:04,STABLE BEAMS,6800,9771.718175202,9391.508208415,58.1,PLTZERO
379420:9518,217:217,04/15/24 00:12:28,STABLE BEAMS,6800,9744.373511331,9369.650047905,57.9,PLTZERO
379420:9518,218:218,04/15/24 00:12:51,STABLE BEAMS,6800,9732.096731036,9359.160447338,57.8,PLTZERO
379420:9518,219:219,04/15/24 00:13:14,STABLE BEAMS,6800,9717.795473081,9343.528084897,57.7,PLTZERO
379420:9518,220:220,04/15/24 00:13:38,STABLE BEAMS,6800,10082.798871658,9483.812073251,57.5,PLTZERO
379420:9518,221:221,04/15/24 00:14:01,STABLE BEAMS,6800,11496.646923094,8157.270179626,62.8,PLTZERO
379420:9518,222:222,04/15/24 00:14:24,STABLE BEAMS,6800,11554.978972577,10641.354638843,70.0,PLTZERO
379420:9518,223:223,04/15/24 00:14:48,STABLE BEAMS,6800,10981.142394702,10439.972908575,66.6,PLTZERO
379420:9518,224:224,04/15/24 00:15:11,STABLE BEAMS,6800,10563.118624160,6841.671521729,63.7,PLTZERO
379420:9518,225:225,04/15/24 00:15:34,STABLE BEAMS,6800,10367.132574218,1.096833287,61.8,PLTZERO
379420:9518,226:226,04/15/24 00:15:57,STABLE BEAMS,6800,10303.622651688,6215.828345770,61.3,PLTZERO
379420:9518,227:227,04/15/24 00:16:21,STABLE BEAMS,6800,10257.404307050,9824.429896851,60.9,PLTZERO
379420:9518,228:228,04/15/24 00:16:44,STABLE BEAMS,6800,10246.510442973,9823.840037138,60.8,PLTZERO
379420:9518,229:229,04/15/24 00:17:07,STABLE BEAMS,6800,10240.388138362,9812.406055009,60.8,PLTZERO
379420:9518,230:230,04/15/24 00:17:31,STABLE BEAMS,6800,10229.326268670,9805.131401887,60.7,PLTZERO
379420:9518,231:231,04/15/24 00:17:54,STABLE BEAMS,6800,10225.796850715,9803.115714522,60.7,PLTZERO
379420:9518,232:232,04/15/24 00:18:17,STABLE BEAMS,6800,10201.547940306,9776.540606370,60.6,PLTZERO
379420:9518,233:233,04/15/24 00:18:41,STABLE BEAMS,6800,10193.737179266,9768.926091889,60.5,PLTZERO
379420:9518,234:234,04/15/24 00:19:04,STABLE BEAMS,6800,10203.411302580,9785.026239964,60.5,PLTZERO
379420:9518,235:235,04/15/24 00:19:27,STABLE BEAMS,6800,10198.108425355,9776.837486292,60.5,PLTZERO
379420:9518,236:236,04/15/24 00:19:51,STABLE BEAMS,6800,10204.974854835,9784.140470361,60.5,PLTZERO
379420:9518,237:237,04/15/24 00:20:14,STABLE BEAMS,6800,10186.623641529,9765.930871788,60.5,PLTZERO
379420:9518,238:238,04/15/24 00:20:37,STABLE BEAMS,6800,10177.908550267,9758.569295761,60.4,PLTZERO
379420:9518,239:239,04/15/24 00:21:01,STABLE BEAMS,6800,10175.990486164,9758.180612771,60.4,PLTZERO
379420:9518,240:240,04/15/24 00:21:24,STABLE BEAMS,6800,10169.817379856,9749.519193302,60.3,PLTZERO
379420:9518,241:241,04/15/24 00:21:47,STABLE BEAMS,6800,10171.130923755,9757.023354095,60.4,PLTZERO
379420:9518,242:242,04/15/24 00:22:10,STABLE BEAMS,6800,10159.123722469,9742.938893386,60.3,PLTZERO
379420:9518,243:243,04/15/24 00:22:34,STABLE BEAMS,6800,10164.409999139,9746.201702430,60.3,PLTZERO
379420:9518,244:244,04/15/24 00:22:57,STABLE BEAMS,6800,10167.789012067,9749.294575795,60.3,PLTZERO
379420:9518,245:245,04/15/24 00:23:20,STABLE BEAMS,6800,10150.422231661,9735.150553096,60.3,PLTZERO
379420:9518,246:246,04/15/24 00:23:44,STABLE BEAMS,6800,10130.804376024,9571.267146039,60.1,PLTZERO
379420:9518,247:247,04/15/24 00:24:07,STABLE BEAMS,6800,10126.910745897,9575.557319418,60.1,PLTZERO
379420:9518,248:248,04/15/24 00:24:30,STABLE BEAMS,6800,10337.065169352,9758.481402823,60.1,PLTZERO
379420:9518,249:249,04/15/24 00:24:54,STABLE BEAMS,6800,10358.719193039,9925.039709277,61.5,PLTZERO
379420:9518,250:250,04/15/24 00:25:17,STABLE BEAMS,6800,10343.665989954,9912.017784078,61.4,PLTZERO
379420:9518,251:251,04/15/24 00:25:40,STABLE BEAMS,6800,10336.669656134,9758.625937654,61.4,PLTZERO
379420:9518,252:252,04/15/24 00:26:04,STABLE BEAMS,6800,10321.368344757,9887.744512854,61.3,PLTZERO
379420:9518,253:253,04/15/24 00:26:27,STABLE BEAMS,6800,10297.705453933,9867.286799148,61.1,PLTZERO
379420:9518,254:254,04/15/24 00:26:50,STABLE BEAMS,6800,10282.875858321,9847.981463955,61.0,PLTZERO
379420:9518,255:255,04/15/24 00:27:13,STABLE BEAMS,6800,10255.125930906,9688.531805076,60.9,PLTZERO
379420:9518,256:256,04/15/24 00:27:37,STABLE BEAMS,6800,10220.220464350,9799.350938701,60.7,PLTZERO
379420:9518,257:257,04/15/24 00:28:00,STABLE BEAMS,6800,10190.543672538,9771.900801306,60.6,PLTZERO
379420:9518,258:258,04/15/24 00:28:23,STABLE BEAMS,6800,10154.605971484,9736.692594632,60.3,PLTZERO
379420:9518,259:259,04/15/24 00:28:47,STABLE BEAMS,6800,10136.737174301,9719.073835805,60.1,PLTZERO
379420:9518,260:260,04/15/24 00:29:10,STABLE BEAMS,6800,10121.791374805,9705.283334920,60.1,PLTZERO
379420:9518,261:261,04/15/24 00:29:33,STABLE BEAMS,6800,10291.648651512,9861.187965323,60.7,PLTZERO
379420:9518,262:262,04/15/24 00:29:57,STABLE BEAMS,6800,10225.763649605,9791.652441414,61.0,PLTZERO
379420:9518,263:263,04/15/24 00:30:20,STABLE BEAMS,6800,10207.277631794,9780.407915617,60.6,PLTZERO
379420:9518,264:264,04/15/24 00:30:43,STABLE BEAMS,6800,10195.665943727,9773.078570667,60.5,PLTZERO
379420:9518,265:265,04/15/24 00:31:07,STABLE BEAMS,6800,10195.295831357,9632.087528683,60.5,PLTZERO
379420:9518,266:266,04/15/24 00:31:30,STABLE BEAMS,6800,10191.676510398,9632.563134578,60.4,PLTZERO
379420:9518,267:267,04/15/24 00:31:53,STABLE BEAMS,6800,10208.397769230,9789.542990915,60.5,PLTZERO
379420:9518,268:268,04/15/24 00:32:17,STABLE BEAMS,6800,10203.858617529,9784.316256236,60.6,PLTZERO
379420:9518,269:269,04/15/24 00:32:40,STABLE BEAMS,6800,10207.633143676,9787.126890168,60.5,PLTZERO
379420:9518,270:270,04/15/24 00:33:03,STABLE BEAMS,6800,10211.365668418,9787.300725978,60.6,PLTZERO
379420:9518,271:271,04/15/24 00:33:26,STABLE BEAMS,6800,10197.369100647,9777.832639550,60.5,PLTZERO
379420:9518,272:272,04/15/24 00:33:50,STABLE BEAMS,6800,10181.688876607,9760.590853322,60.4,PLTZERO
379420:9518,273:273,04/15/24 00:34:13,STABLE BEAMS,6800,10177.734644455,9762.579199773,60.4,PLTZERO
379420:9518,274:274,04/15/24 00:34:36,STABLE BEAMS,6800,10170.751011058,9753.065211812,60.4,PLTZERO
379420:9518,275:275,04/15/24 00:35:00,STABLE BEAMS,6800,10178.910483752,9615.215874825,60.4,PLTZERO
379420:9518,276:276,04/15/24 00:35:23,STABLE BEAMS,6800,10163.248860333,9727.319231370,60.4,PLTZERO
379420:9518,277:277,04/15/24 00:35:46,STABLE BEAMS,6800,10165.181524924,9751.250691170,60.2,PLTZERO
379420:9518,278:278,04/15/24 00:36:10,STABLE BEAMS,6800,10186.618741365,9771.507228152,60.5,PLTZERO
379420:9518,279:279,04/15/24 00:36:33,STABLE BEAMS,6800,10169.905282794,9756.953031744,60.4,PLTZERO
379420:9518,280:280,04/15/24 00:36:56,STABLE BEAMS,6800,10164.292795222,9751.827860459,60.3,PLTZERO
379420:9518,281:281,04/15/24 00:37:20,STABLE BEAMS,6800,10148.530568441,9734.660296711,60.3,PLTZERO
379420:9518,282:282,04/15/24 00:37:43,STABLE BEAMS,6800,10113.544999208,9701.923852645,60.1,PLTZERO
379420:9518,283:283,04/15/24 00:38:06,STABLE BEAMS,6800,10357.471151329,9923.063083217,60.4,PLTZERO
379420:9518,284:284,04/15/24 00:38:30,STABLE BEAMS,6800,10342.441349026,9909.804820120,61.5,PLTZERO
379420:9518,285:285,04/15/24 00:38:53,STABLE BEAMS,6800,10322.874295087,9887.976940622,61.2,PLTZERO
379420:9518,286:286,04/15/24 00:39:16,STABLE BEAMS,6800,10313.012665507,9880.911274484,61.3,PLTZERO
379420:9518,287:287,04/15/24 00:39:39,STABLE BEAMS,6800,10307.722388703,9875.029247904,61.1,PLTZERO
379420:9518,288:288,04/15/24 00:40:03,STABLE BEAMS,6800,10304.060166310,8319.089547702,61.2,PLTZERO
379420:9518,289:289,04/15/24 00:40:26,STABLE BEAMS,6800,10281.970628068,9853.269730692,61.1,PLTZERO
379420:9518,290:290,04/15/24 00:40:49,STABLE BEAMS,6800,10260.310704183,9833.703646784,60.9,PLTZERO
379420:9518,291:291,04/15/24 00:41:13,STABLE BEAMS,6800,10244.763284582,9824.275601695,60.8,PLTZERO
379420:9518,292:292,04/15/24 00:41:36,STABLE BEAMS,6800,10240.807052363,9821.285261756,60.8,PLTZERO
379420:9518,293:293,04/15/24 00:41:59,STABLE BEAMS,6800,10229.710081497,9807.464489860,60.8,PLTZERO
379420:9518,294:294,04/15/24 00:42:23,STABLE BEAMS,6800,10202.928886457,9781.168691043,60.6,PLTZERO
379420:9518,295:295,04/15/24 00:42:46,STABLE BEAMS,6800,10194.663010208,9777.525989302,60.5,PLTZERO
379420:9518,296:296,04/15/24 00:43:09,STABLE BEAMS,6800,10178.485669554,9766.069546422,60.4,PLTZERO
379420:9518,297:297,04/15/24 00:43:33,STABLE BEAMS,6800,10165.948150545,9752.123770348,60.4,PLTZERO
379420:9518,298:298,04/15/24 00:43:56,STABLE BEAMS,6800,10148.398764036,9738.847936664,60.2,PLTZERO
379420:9518,299:299,04/15/24 00:44:19,STABLE BEAMS,6800,10135.983249104,9719.771129109,60.2,PLTZERO
379420:9518,300:300,04/15/24 00:44:42,STABLE BEAMS,6800,10187.500670840,9770.306018007,60.1,PLTZERO
379420:9518,301:301,04/15/24 00:45:06,STABLE BEAMS,6800,10250.091562655,9822.123179760,60.9,PLTZERO
379420:9518,302:302,04/15/24 00:45:29,STABLE BEAMS,6800,10247.926490297,9683.766015802,60.9,PLTZERO
379420:9518,303:303,04/15/24 00:45:52,STABLE BEAMS,6800,10231.595844520,9812.530089155,60.7,PLTZERO
379420:9518,304:304,04/15/24 00:46:16,STABLE BEAMS,6800,10239.266000860,9819.249063706,60.7,PLTZERO
379420:9518,305:305,04/15/24 00:46:39,STABLE BEAMS,6800,10239.421306050,9815.421785796,60.8,PLTZERO
379420:9518,306:306,04/15/24 00:47:02,STABLE BEAMS,6800,10227.720715011,9808.367840050,60.7,PLTZERO
379420:9518,307:307,04/15/24 00:47:26,STABLE BEAMS,6800,10231.750149677,9808.956729731,60.7,PLTZERO
379420:9518,308:308,04/15/24 00:47:49,STABLE BEAMS,6800,10226.234365337,9803.232898438,60.7,PLTZERO
379420:9518,309:309,04/15/24 00:48:12,STABLE BEAMS,6800,10221.603310565,9796.744401590,60.6,PLTZERO
379420:9518,310:310,04/15/24 00:48:36,STABLE BEAMS,6800,10220.023157756,9801.451588906,60.6,PLTZERO
379420:9518,311:311,04/15/24 00:48:59,STABLE BEAMS,6800,10214.439071133,9655.776800389,60.6,PLTZERO
379420:9518,312:312,04/15/24 00:49:22,STABLE BEAMS,6800,10204.877151569,9787.022396676,60.6,PLTZERO
379420:9518,313:313,04/15/24 00:49:46,STABLE BEAMS,6800,10180.891049943,9624.879287781,60.5,PLTZERO
379420:9518,314:314,04/15/24 00:50:09,STABLE BEAMS,6800,10165.912949368,9750.305349576,60.4,PLTZERO
379420:9518,315:315,04/15/24 00:50:32,STABLE BEAMS,6800,10162.319129261,9742.632243137,60.3,PLTZERO
379420:9518,316:316,04/15/24 00:50:55,STABLE BEAMS,6800,10162.629639638,9743.130309783,60.3,PLTZERO
379420:9518,317:317,04/15/24 00:51:19,STABLE BEAMS,6800,10158.365897142,9745.957554271,60.3,PLTZERO
379420:9518,318:318,04/15/24 00:51:42,STABLE BEAMS,6800,10165.044820355,9748.478138510,60.3,PLTZERO
379420:9518,319:319,04/15/24 00:52:05,STABLE BEAMS,6800,10140.424797543,9723.233154811,60.3,PLTZERO
379420:9518,320:320,04/15/24 00:52:29,STABLE BEAMS,6800,10100.023047298,9683.203497002,60.1,PLTZERO
379420:9518,321:321,04/15/24 00:52:52,STABLE BEAMS,6800,10222.747848816,9798.628254549,59.9,PLTZERO
379420:9518,322:322,04/15/24 00:53:15,STABLE BEAMS,6800,10250.987092584,9827.725907006,60.8,PLTZERO
379420:9518,323:323,04/15/24 00:53:39,STABLE BEAMS,6800,10249.709749895,9823.786325343,60.8,PLTZERO
379420:9518,324:324,04/15/24 00:54:02,STABLE BEAMS,6800,10237.743549979,9674.241287481,60.8,PLTZERO
379420:9518,325:325,04/15/24 00:54:25,STABLE BEAMS,6800,10245.071894896,9823.288258697,60.7,PLTZERO
379420:9518,326:326,04/15/24 00:54:49,STABLE BEAMS,6800,10252.534044284,9828.095059343,60.8,PLTZERO
379420:9518,327:327,04/15/24 00:55:12,STABLE BEAMS,6800,10251.025193858,9824.088095428,60.9,PLTZERO
379420:9518,328:328,04/15/24 00:55:35,STABLE BEAMS,6800,10252.991059558,9537.873450007,60.8,PLTZERO
379420:9518,329:329,04/15/24 00:55:59,STABLE BEAMS,6800,10242.693915422,2620.923772447,60.8,PLTZERO
379420:9518,330:330,04/15/24 00:56:22,STABLE BEAMS,6800,10233.749216487,9671.151334213,60.8,PLTZERO
379420:9518,331:331,04/15/24 00:56:45,STABLE BEAMS,6800,10221.667812721,9797.784476350,60.7,PLTZERO
379420:9518,332:332,04/15/24 00:57:08,STABLE BEAMS,6800,10207.850950955,5400.096003629,60.6,PLTZERO
379420:9518,333:333,04/15/24 00:57:32,STABLE BEAMS,6800,10198.196328293,9495.097600418,60.5,PLTZERO
379420:9518,334:334,04/15/24 00:57:55,STABLE BEAMS,6800,10193.360166666,9776.153873445,60.5,PLTZERO
379420:9518,335:335,04/15/24 00:58:18,STABLE BEAMS,6800,10312.194238154,9882.586140459,60.5,PLTZERO
379420:9518,336:336,04/15/24 00:58:42,STABLE BEAMS,6800,10296.645918523,9718.071852318,61.2,PLTZERO
379420:9518,337:337,04/15/24 00:59:05,STABLE BEAMS,6800,10277.859090658,9840.899197263,61.0,PLTZERO
379420:9518,338:338,04/15/24 00:59:28,STABLE BEAMS,6800,10276.126632759,9850.234469252,61.0,PLTZERO
379420:9518,339:339,04/15/24 00:59:52,STABLE BEAMS,6800,10274.392174793,9849.245186190,60.9,PLTZERO
379420:9518,340:340,04/15/24 01:00:15,STABLE BEAMS,6800,10269.556113169,9843.497924113,61.0,PLTZERO
379420:9518,341:341,04/15/24 01:00:38,STABLE BEAMS,6800,10260.166099351,9839.969476191,60.9,PLTZERO
379420:9518,342:342,04/15/24 01:01:02,STABLE BEAMS,6800,10256.234367950,9833.677275903,60.8,PLTZERO
379420:9518,343:343,04/15/24 01:01:25,STABLE BEAMS,6800,10268.528678832,9843.211774550,60.9,PLTZERO
379420:9518,344:344,04/15/24 01:01:48,STABLE BEAMS,6800,10258.217834239,9834.243704833,60.9,PLTZERO
379420:9518,345:345,04/15/24 01:02:11,STABLE BEAMS,6800,10247.201866080,9817.602518677,60.8,PLTZERO
379420:9518,346:346,04/15/24 01:02:35,STABLE BEAMS,6800,10239.189898317,9820.681731586,60.8,PLTZERO
379420:9518,347:347,04/15/24 01:02:58,STABLE BEAMS,6800,10221.276199633,9806.242769030,60.6,PLTZERO
379420:9518,348:348,04/15/24 01:03:21,STABLE BEAMS,6800,10218.647211771,9799.867555967,60.6,PLTZERO
379420:9518,349:349,04/15/24 01:03:45,STABLE BEAMS,6800,10202.108559042,9788.839847416,60.6,PLTZERO
379420:9518,350:350,04/15/24 01:04:08,STABLE BEAMS,6800,10183.595240318,9768.915351530,60.4,PLTZERO
379420:9518,351:351,04/15/24 01:04:31,STABLE BEAMS,6800,10176.707310121,9763.557752477,60.4,PLTZERO
379420:9518,352:352,04/15/24 01:04:55,STABLE BEAMS,6800,10164.356297344,9749.824863518,60.4,PLTZERO
379420:9518,353:353,04/15/24 01:05:18,STABLE BEAMS,6800,10231.244232769,9828.285495707,60.5,PLTZERO
379420:9518,354:354,04/15/24 01:05:41,STABLE BEAMS,6800,10255.791953165,9834.903886897,60.8,PLTZERO
379420:9518,355:355,04/15/24 01:06:05,STABLE BEAMS,6800,10207.451537606,9645.654392094,60.7,PLTZERO
379420:9518,356:356,04/15/24 01:06:28,STABLE BEAMS,6800,10161.747810167,9744.677231482,60.4,PLTZERO
379420:9518,357:357,04/15/24 01:06:51,STABLE BEAMS,6800,10134.958814867,9707.182818402,60.1,PLTZERO
379420:9518,358:358,04/15/24 01:07:15,STABLE BEAMS,6800,10251.706916641,9827.280582123,60.8,PLTZERO
379420:9518,359:359,04/15/24 01:07:38,STABLE BEAMS,6800,10250.770285338,9682.845085024,60.8,PLTZERO
379420:9518,360:360,04/15/24 01:08:01,STABLE BEAMS,6800,10255.677749348,9829.253298052,60.9,PLTZERO
379420:9518,361:361,04/15/24 01:08:24,STABLE BEAMS,6800,10247.491875772,9825.959247963,60.7,PLTZERO
379420:9518,362:362,04/15/24 01:08:48,STABLE BEAMS,6800,10258.711050722,9839.330784846,60.9,PLTZERO
379420:9518,363:363,04/15/24 01:09:11,STABLE BEAMS,6800,10249.122830280,9825.315666454,60.9,PLTZERO
379420:9518,364:364,04/15/24 01:09:34,STABLE BEAMS,6800,10240.873454582,9818.599622001,60.8,PLTZERO
379420:9518,365:365,04/15/24 01:09:58,STABLE BEAMS,6800,10213.405836602,9796.503183528,60.7,PLTZERO
379420:9518,366:366,04/15/24 01:10:21,STABLE BEAMS,6800,10208.500372659,9784.541843775,60.6,PLTZERO
379420:9518,367:367,04/15/24 01:10:44,STABLE BEAMS,6800,10201.443436813,9641.241164602,60.6,PLTZERO
379420:9518,368:368,04/15/24 01:11:08,STABLE BEAMS,6800,10188.668609873,9772.899854694,60.5,PLTZERO
379420:9518,369:369,04/15/24 01:11:31,STABLE BEAMS,6800,10181.145958462,9767.937778860,60.4,PLTZERO
379420:9518,370:370,04/15/24 01:11:54,STABLE BEAMS,6800,10168.024419934,9750.440124080,60.4,PLTZERO
379420:9518,371:371,04/15/24 01:12:18,STABLE BEAMS,6800,10152.662506532,9737.426989175,60.2,PLTZERO
379420:9518,372:372,04/15/24 01:12:41,STABLE BEAMS,6800,10135.620936996,9716.038584365,60.2,PLTZERO
379420:9518,373:373,04/15/24 01:13:04,STABLE BEAMS,6800,10113.634902212,9701.835959707,60.1,PLTZERO
379420:9518,374:374,04/15/24 01:13:27,STABLE BEAMS,6800,10304.484980508,9731.368196688,60.9,PLTZERO
379420:9518,375:375,04/15/24 01:13:51,STABLE BEAMS,6800,10286.641684177,9717.113810300,61.1,PLTZERO
379420:9518,376:376,04/15/24 01:14:14,STABLE BEAMS,6800,10285.109332965,9859.707445843,61.0,PLTZERO
379420:9518,377:377,04/15/24 01:14:37,STABLE BEAMS,6800,10295.310873905,9856.680974697,61.0,PLTZERO
379420:9518,378:378,04/15/24 01:15:01,STABLE BEAMS,6800,10295.555982096,9865.902962900,61.3,PLTZERO
379420:9518,379:379,04/15/24 01:15:24,STABLE BEAMS,6800,10294.316740680,9862.058114403,61.1,PLTZERO
379420:9518,380:380,04/15/24 01:15:47,STABLE BEAMS,6800,10297.482846493,9868.609113341,61.0,PLTZERO
379420:9518,381:381,04/15/24 01:16:11,STABLE BEAMS,6800,10294.656552037,9868.493869489,61.0,PLTZERO
379420:9518,382:382,04/15/24 01:16:34,STABLE BEAMS,6800,10296.222004355,9870.942191313,61.1,PLTZERO
379420:9518,383:383,04/15/24 01:16:57,STABLE BEAMS,6800,10285.644550852,9861.287578652,61.0,PLTZERO
379420:9518,384:384,04/15/24 01:17:21,STABLE BEAMS,6800,10293.628217670,9866.669588521,61.0,PLTZERO
379420:9518,385:385,04/15/24 01:17:44,STABLE BEAMS,6800,10289.220870374,9867.803416414,61.0,PLTZERO
379420:9518,386:386,04/15/24 01:18:07,STABLE BEAMS,6800,10281.234203456,9859.395915431,61.0,PLTZERO
379420:9518,387:387,04/15/24 01:18:31,STABLE BEAMS,6800,10262.272669753,9834.064008828,60.9,PLTZERO
379420:9518,388:388,04/15/24 01:18:54,STABLE BEAMS,6800,10241.729983207,9822.130019989,60.8,PLTZERO
379420:9518,389:389,04/15/24 01:19:17,STABLE BEAMS,6800,10233.200398145,9812.480277490,60.8,PLTZERO
379420:9518,390:390,04/15/24 01:19:40,STABLE BEAMS,6800,10218.537808115,9795.832261106,60.7,PLTZERO
379420:9518,391:391,04/15/24 01:20:04,STABLE BEAMS,6800,10224.198097284,9662.104161853,60.6,PLTZERO
379420:9518,392:392,04/15/24 01:20:27,STABLE BEAMS,6800,10227.062493013,9803.368652975,60.6,PLTZERO
379420:9518,393:393,04/15/24 01:20:50,STABLE BEAMS,6800,10240.036526611,9809.864960085,60.7,PLTZERO
379420:9518,394:394,04/15/24 01:21:14,STABLE BEAMS,6800,10243.209532655,9821.625123115,60.8,PLTZERO
379420:9518,395:395,04/15/24 01:21:37,STABLE BEAMS,6800,10226.267566447,9810.655026489,60.8,PLTZERO
379420:9518,396:396,04/15/24 01:22:00,STABLE BEAMS,6800,10219.631544668,9803.334471833,60.6,PLTZERO
379420:9518,397:397,04/15/24 01:22:24,STABLE BEAMS,6800,10201.443436813,9780.994855233,60.6,PLTZERO
379420:9518,398:398,04/15/24 01:22:47,STABLE BEAMS,6800,10181.186959832,9758.786103006,60.4,PLTZERO
379420:9518,399:399,04/15/24 01:23:10,STABLE BEAMS,6800,10179.853915282,9755.029137447,60.4,PLTZERO
379420:9518,400:400,04/15/24 01:23:34,STABLE BEAMS,6800,10171.316529958,9757.951115101,60.4,PLTZERO
379420:9518,401:401,04/15/24 01:23:57,STABLE BEAMS,6800,10172.037254045,9756.544818102,60.3,PLTZERO
379420:9518,402:402,04/15/24 01:24:20,STABLE BEAMS,6800,10174.958251666,9611.615174488,60.4,PLTZERO
379420:9518,403:403,04/15/24 01:24:44,STABLE BEAMS,6800,10162.415832493,9750.684272240,60.3,PLTZERO
379420:9518,404:404,04/15/24 01:25:07,STABLE BEAMS,6800,10152.941815867,9601.824807290,60.3,PLTZERO
379420:9518,405:405,04/15/24 01:25:30,STABLE BEAMS,6800,10144.280426400,9731.453159527,60.2,PLTZERO
379420:9518,406:406,04/15/24 01:25:53,STABLE BEAMS,6800,10133.495865975,9730.275390166,60.2,PLTZERO
379420:9518,407:407,04/15/24 01:26:17,STABLE BEAMS,6800,10137.119087064,9722.091516657,60.1,PLTZERO
379420:9518,408:408,04/15/24 01:26:40,STABLE BEAMS,6800,10144.208123983,9595.342160637,60.2,PLTZERO
379420:9518,409:409,04/15/24 01:27:03,STABLE BEAMS,6800,10134.191189213,9723.054438838,60.2,PLTZERO
379420:9518,410:410,04/15/24 01:27:27,STABLE BEAMS,6800,10129.846344006,9719.840461426,60.1,PLTZERO
379420:9518,411:411,04/15/24 01:27:50,STABLE BEAMS,6800,10118.602768241,9689.128505018,60.1,PLTZERO
379420:9518,412:412,04/15/24 01:28:13,STABLE BEAMS,6800,10286.207069652,9716.605003295,60.2,PLTZERO
379420:9518,413:413,04/15/24 01:28:37,STABLE BEAMS,6800,10284.148400850,9848.580123963,61.1,PLTZERO
379420:9518,414:414,04/15/24 01:29:00,STABLE BEAMS,6800,10271.054163235,9827.605782991,61.0,PLTZERO
379420:9518,415:415,04/15/24 01:29:23,STABLE BEAMS,6800,10271.399874789,9706.585138427,60.9,PLTZERO
379420:9518,416:416,04/15/24 01:29:47,STABLE BEAMS,6800,10258.774452841,9835.437104717,60.9,PLTZERO
379420:9518,417:417,04/15/24 01:30:10,STABLE BEAMS,6800,10244.851187519,9824.091025526,60.8,PLTZERO
379420:9518,418:418,04/15/24 01:30:33,STABLE BEAMS,6800,10246.012326325,9824.904522714,60.8,PLTZERO
379420:9518,419:419,04/15/24 01:30:56,STABLE BEAMS,6800,10235.717082254,9808.780933856,60.8,PLTZERO
379420:9518,420:420,04/15/24 01:31:20,STABLE BEAMS,6800,10224.976523299,9808.218415056,60.7,PLTZERO
379420:9518,421:421,04/15/24 01:31:43,STABLE BEAMS,6800,10222.944155377,9801.204510649,60.7,PLTZERO
379420:9518,422:422,04/15/24 01:32:06,STABLE BEAMS,6800,10205.273664821,9793.057758381,60.6,PLTZERO
379420:9518,423:423,04/15/24 01:32:30,STABLE BEAMS,6800,10197.841816445,9783.482238362,60.5,PLTZERO
379420:9518,424:424,04/15/24 01:32:53,STABLE BEAMS,6800,10185.732011730,9774.009271772,60.5,PLTZERO
379420:9518,425:425,04/15/24 01:33:16,STABLE BEAMS,6800,10307.440179272,9883.374256798,60.9,PLTZERO
379420:9518,426:426,04/15/24 01:33:40,STABLE BEAMS,6800,10212.553208107,9794.850788304,60.7,PLTZERO
379420:9518,427:427,04/15/24 01:34:03,STABLE BEAMS,6800,10176.202393246,9760.412137349,60.5,PLTZERO
379420:9518,428:428,04/15/24 01:34:26,STABLE BEAMS,6800,10156.661740189,9749.134410443,60.3,PLTZERO
379420:9518,429:429,04/15/24 01:34:50,STABLE BEAMS,6800,10129.302425828,9717.668518838,60.2,PLTZERO
379420:9518,430:430,04/15/24 01:35:13,STABLE BEAMS,6800,10138.834944409,9731.884813953,59.9,PLTZERO
379420:9518,431:431,04/15/24 01:35:36,STABLE BEAMS,6800,10291.785356080,9872.261575408,61.1,PLTZERO
379420:9518,432:432,04/15/24 01:36:00,STABLE BEAMS,6800,10269.583414082,9751.113976601,61.0,PLTZERO
379420:9518,433:433,04/15/24 01:36:23,STABLE BEAMS,6800,10250.691182695,9809.641322611,60.9,PLTZERO
379420:9518,434:434,04/15/24 01:36:46,STABLE BEAMS,6800,10222.513540985,9803.027821585,60.7,PLTZERO
379420:9518,435:435,04/15/24 01:37:09,STABLE BEAMS,6800,10199.983488021,9779.464534089,60.5,PLTZERO
379420:9518,436:436,04/15/24 01:37:33,STABLE BEAMS,6800,10196.595674799,9781.091538464,60.5,PLTZERO
379420:9518,437:437,04/15/24 01:37:56,STABLE BEAMS,6800,10173.670108616,9755.780142546,60.4,PLTZERO
379420:9518,438:438,04/15/24 01:38:19,STABLE BEAMS,6800,10157.754476708,9742.102925447,60.3,PLTZERO
379420:9518,439:439,04/15/24 01:38:43,STABLE BEAMS,6800,10142.170955900,9723.320077716,60.2,PLTZERO
379420:9518,440:440,04/15/24 01:39:06,STABLE BEAMS,6800,10124.599068640,9697.578977437,60.1,PLTZERO
379420:9518,441:441,04/15/24 01:39:29,STABLE BEAMS,6800,10285.558547978,9840.755642465,60.0,PLTZERO
379420:9518,442:442,04/15/24 01:39:53,STABLE BEAMS,6800,10300.695853873,9729.492153990,61.2,PLTZERO
379420:9518,443:443,04/15/24 01:40:16,STABLE BEAMS,6800,10269.299304587,9844.797767555,61.0,PLTZERO
379420:9518,444:444,04/15/24 01:40:39,STABLE BEAMS,6800,10250.310369968,9823.369321407,60.9,PLTZERO
379420:9518,445:445,04/15/24 01:41:03,STABLE BEAMS,6800,10233.677914104,9798.398756879,60.8,PLTZERO
379420:9518,446:446,04/15/24 01:41:26,STABLE BEAMS,6800,10217.980189479,9794.279479211,60.7,PLTZERO
379420:9518,447:447,04/15/24 01:41:49,STABLE BEAMS,6800,10209.942820866,9791.813576799,60.6,PLTZERO
379420:9518,448:448,04/15/24 01:42:13,STABLE BEAMS,6800,10196.252863342,9774.447756426,60.5,PLTZERO
379420:9518,449:449,04/15/24 01:42:36,STABLE BEAMS,6800,10197.677710961,9776.781824432,60.5,PLTZERO
379420:9518,450:450,04/15/24 01:42:59,STABLE BEAMS,6800,10198.078124343,9768.150675975,60.5,PLTZERO
379420:9518,451:451,04/15/24 01:43:22,STABLE BEAMS,6800,10186.351132421,9772.899854694,60.4,PLTZERO
379420:9518,452:452,04/15/24 01:43:46,STABLE BEAMS,6800,10195.600541541,9782.039810156,60.5,PLTZERO
379420:9518,453:453,04/15/24 01:44:09,STABLE BEAMS,6800,10198.522439192,9785.595588992,60.5,PLTZERO
379420:9518,454:454,04/15/24 01:44:32,STABLE BEAMS,6800,10190.411868133,9772.197681227,60.5,PLTZERO
379420:9518,455:455,04/15/24 01:44:56,STABLE BEAMS,6800,10193.835782562,9783.855300830,60.4,PLTZERO
379420:9518,456:456,04/15/24 01:45:19,STABLE BEAMS,6800,10196.875984167,8654.118324514,60.5,PLTZERO
379420:9518,457:457,04/15/24 01:45:42,STABLE BEAMS,6800,10185.158792573,9372.604256636,60.4,PLTZERO
379420:9518,458:458,04/15/24 01:46:06,STABLE BEAMS,6800,10188.745812453,9771.146866109,60.4,PLTZERO
379420:9518,459:459,04/15/24 01:46:29,STABLE BEAMS,6800,10176.438701144,9762.551858860,60.4,PLTZERO
379420:9518,460:460,04/15/24 01:46:52,STABLE BEAMS,6800,10174.067521898,9759.168925801,60.4,PLTZERO
379420:9518,461:461,04/15/24 01:47:16,STABLE BEAMS,6800,10167.160091048,9750.527036985,60.3,PLTZERO
379420:9518,462:462,04/15/24 01:47:39,STABLE BEAMS,6800,10152.914514955,9736.731655937,60.3,PLTZERO
379420:9518,463:463,04/15/24 01:48:02,STABLE BEAMS,6800,10150.674240084,9740.488621496,60.2,PLTZERO
379420:9518,464:464,04/15/24 01:48:25,STABLE BEAMS,6800,10145.540268504,9727.738195371,60.2,PLTZERO
379420:9518,465:465,04/15/24 01:48:49,STABLE BEAMS,6800,10139.986382891,9731.870163464,60.2,PLTZERO
379420:9518,466:466,04/15/24 01:49:12,STABLE BEAMS,6800,10136.576068916,9729.122031620,60.2,PLTZERO
379420:9518,467:467,04/15/24 01:49:35,STABLE BEAMS,6800,10136.170755371,9727.859289418,60.1,PLTZERO
379420:9518,468:468,04/15/24 01:49:59,STABLE BEAMS,6800,10125.519999418,9721.613960697,60.1,PLTZERO
379420:9518,469:469,04/15/24 01:50:22,STABLE BEAMS,6800,10202.128059693,9787.395459144,60.0,PLTZERO
379420:9518,470:470,04/15/24 01:50:45,STABLE BEAMS,6800,10301.925394965,9875.822244407,61.1,PLTZERO
379420:9518,471:471,04/15/24 01:51:09,STABLE BEAMS,6800,10283.221569875,9860.123479747,61.1,PLTZERO
379420:9518,472:472,04/15/24 01:51:32,STABLE BEAMS,6800,10264.761952946,9843.191263865,60.9,PLTZERO
379420:9518,473:473,04/15/24 01:51:55,STABLE BEAMS,6800,10265.347972531,9704.937623366,60.9,PLTZERO
379420:9518,474:474,04/15/24 01:52:19,STABLE BEAMS,6800,10262.884990217,9838.522167821,60.9,PLTZERO
379420:9518,475:475,04/15/24 01:52:42,STABLE BEAMS,6800,10250.848487952,9832.888189531,60.9,PLTZERO
379420:9518,476:476,04/15/24 01:53:05,STABLE BEAMS,6800,10238.937889894,9677.258968333,60.5,PLTZERO
379420:9518,477:477,04/15/24 01:53:29,STABLE BEAMS,6800,10309.253739882,9886.230792265,60.9,PLTZERO
379420:9518,478:478,04/15/24 01:53:52,STABLE BEAMS,6800,10300.180136638,9736.949433215,61.2,PLTZERO
379420:9518,479:479,04/15/24 01:54:15,STABLE BEAMS,6800,10281.938326988,9716.686066004,61.1,PLTZERO
379420:9518,480:480,04/15/24 01:54:38,STABLE BEAMS,6800,10284.965828169,9867.524117080,61.0,PLTZERO
379420:9518,481:481,04/15/24 01:55:02,STABLE BEAMS,6800,10292.377175859,9867.860058307,61.0,PLTZERO
379420:9518,482:482,04/15/24 01:55:25,STABLE BEAMS,6800,10288.272538681,9862.738797152,61.0,PLTZERO
379420:9518,483:483,04/15/24 01:55:48,STABLE BEAMS,6800,10284.041897291,9854.955337025,61.1,PLTZERO
379420:9518,484:484,04/15/24 01:56:12,STABLE BEAMS,6800,10261.495243771,9838.901090485,61.0,PLTZERO
379420:9518,485:485,04/15/24 01:56:35,STABLE BEAMS,6800,10250.166765168,9685.538535040,60.8,PLTZERO
379420:9518,486:486,04/15/24 01:56:58,STABLE BEAMS,6800,10242.245600440,9817.141573272,60.8,PLTZERO
379420:9518,487:487,04/15/24 01:57:22,STABLE BEAMS,6800,10226.563476336,9807.561173091,60.7,PLTZERO
379420:9518,488:488,04/15/24 01:57:45,STABLE BEAMS,6800,10233.584210972,9812.949043156,60.9,PLTZERO
379420:9518,489:489,04/15/24 01:58:08,STABLE BEAMS,6800,10201.469837695,8082.132408488,60.5,PLTZERO
379420:9518,490:490,04/15/24 01:58:32,STABLE BEAMS,6800,10200.054790404,9780.519249338,60.5,PLTZERO
379420:9518,491:491,04/15/24 01:58:55,STABLE BEAMS,6800,10213.440937775,9798.073546010,60.5,PLTZERO
379420:9518,492:492,04/15/24 01:59:18,STABLE BEAMS,6800,10191.464603316,7492.007706256,60.5,PLTZERO
379420:9518,493:493,04/15/24 01:59:42,STABLE BEAMS,6800,10259.824287927,9838.937221693,60.7,PLTZERO
379420:9518,494:494,04/15/24 02:00:05,STABLE BEAMS,6800,10271.035662616,9701.089834771,61.0,PLTZERO
379420:9518,495:495,04/15/24 02:00:28,STABLE BEAMS,6800,10269.927225572,9846.475553627,60.9,PLTZERO
379420:9518,496:496,04/15/24 02:00:51,STABLE BEAMS,6800,10265.810888002,9847.995144413,61.0,PLTZERO
379420:9518,497:497,04/15/24 02:01:15,STABLE BEAMS,6800,10260.271602877,9699.355406806,60.8,PLTZERO
379420:9518,498:498,04/15/24 02:01:38,STABLE BEAMS,6800,10271.318872081,8373.940020830,60.9,PLTZERO
379420:9518,499:499,04/15/24 02:02:01,STABLE BEAMS,6800,10264.573546650,9840.559345905,60.9,PLTZERO
379420:9518,500:500,04/15/24 02:02:25,STABLE BEAMS,6800,10242.828619924,9828.406589754,60.9,PLTZERO
379420:9518,501:501,04/15/24 02:02:48,STABLE BEAMS,6800,10244.545477303,9009.038386102,60.8,PLTZERO
379420:9518,502:502,04/15/24 02:03:11,STABLE BEAMS,6800,10185.271096326,9772.299254622,60.6,PLTZERO
379420:9518,503:503,04/15/24 02:03:35,STABLE BEAMS,6800,10167.723609881,9755.076019014,60.3,PLTZERO
379420:9518,504:504,04/15/24 02:03:58,STABLE BEAMS,6800,10155.294494495,8192.876349600,60.3,PLTZERO
379420:9518,505:505,04/15/24 02:04:21,STABLE BEAMS,6800,10150.523835057,9738.935829601,60.2,PLTZERO
379420:9518,506:506,04/15/24 02:04:45,STABLE BEAMS,6800,10157.326762414,9609.362169192,60.3,PLTZERO
379420:9518,507:507,04/15/24 02:05:08,STABLE BEAMS,6800,10146.060785900,9735.856626693,60.3,PLTZERO
379420:9518,508:508,04/15/24 02:05:31,STABLE BEAMS,6800,10134.571101910,8434.272107155,60.2,PLTZERO
379420:9518,509:509,04/15/24 02:05:54,STABLE BEAMS,6800,10128.527999946,9721.493846683,60.1,PLTZERO
379420:9518,510:510,04/15/24 02:06:18,STABLE BEAMS,6800,10154.809078272,9747.321849866,60.0,PLTZERO
379420:9518,511:511,04/15/24 02:06:41,STABLE BEAMS,6800,10298.044365259,9872.086769566,61.1,PLTZERO
379420:9518,512:512,04/15/24 02:07:04,STABLE BEAMS,6800,10289.899593057,9863.754451096,61.1,PLTZERO
379420:9518,513:513,04/15/24 02:07:28,STABLE BEAMS,6800,10281.565314522,8438.490028120,61.0,PLTZERO
379420:9518,514:514,04/15/24 02:07:51,STABLE BEAMS,6800,10273.667550575,9839.843501981,61.0,PLTZERO
379420:9518,515:515,04/15/24 02:08:14,STABLE BEAMS,6800,10251.512510144,9833.624544141,60.9,PLTZERO
379420:9518,516:516,04/15/24 02:08:38,STABLE BEAMS,6800,10223.529174928,9801.598083802,60.8,PLTZERO
379420:9518,517:517,04/15/24 02:09:01,STABLE BEAMS,6800,9859.543380360,9473.981664714,59.5,PLTZERO
379420:9518,518:518,04/15/24 02:09:24,STABLE BEAMS,6800,9489.632577775,9136.035800412,56.8,PLTZERO
379420:9518,519:519,04/15/24 02:09:48,STABLE BEAMS,6800,9826.935840601,9446.869428611,56.6,PLTZERO
379420:9518,520:520,04/15/24 02:10:11,STABLE BEAMS,6800,10185.238795247,9773.817855374,60.6,PLTZERO
379420:9518,521:521,04/15/24 02:10:34,STABLE BEAMS,6800,10167.399399046,9759.794926722,60.3,PLTZERO
379420:9518,522:522,04/15/24 02:10:58,STABLE BEAMS,6800,10164.406099009,8674.382671758,60.4,PLTZERO
379420:9518,523:523,04/15/24 02:11:21,STABLE BEAMS,6800,10147.775643211,9737.559813614,60.2,PLTZERO
379420:9518,524:524,04/15/24 02:11:44,STABLE BEAMS,6800,10153.130322167,9743.852983935,60.2,PLTZERO
379420:9518,525:525,04/15/24 02:12:07,STABLE BEAMS,6800,10131.285892116,9722.621814380,60.2,PLTZERO
379420:9518,526:526,04/15/24 02:12:31,STABLE BEAMS,6800,10136.867078642,9729.166953121,60.1,PLTZERO
379420:9518,527:527,04/15/24 02:12:54,STABLE BEAMS,6800,10134.240090847,4909.842309131,60.2,PLTZERO
379420:9518,528:528,04/15/24 02:13:17,STABLE BEAMS,6800,10139.485366147,9729.947249199,60.1,PLTZERO
379420:9518,529:529,04/15/24 02:13:41,STABLE BEAMS,6800,10252.847554762,9831.638147754,60.7,PLTZERO
379420:9518,530:530,04/15/24 02:14:04,STABLE BEAMS,6800,10213.096226254,9797.146765037,60.7,PLTZERO
379420:9518,531:531,04/15/24 02:14:27,STABLE BEAMS,6800,10167.094688862,9750.131513766,60.4,PLTZERO
379420:9518,532:532,04/15/24 02:14:51,STABLE BEAMS,6800,10143.701307045,9733.626082147,60.2,PLTZERO
379420:9518,533:533,04/15/24 02:15:14,STABLE BEAMS,6800,10136.958881710,9728.290943845,60.1,PLTZERO
379420:9518,534:534,04/15/24 02:15:37,STABLE BEAMS,6800,10162.987151587,9748.427356813,60.2,PLTZERO
379420:9518,535:535,04/15/24 02:16:01,STABLE BEAMS,6800,10182.845215252,9623.578464307,60.4,PLTZERO
379420:9518,536:536,04/15/24 02:16:24,STABLE BEAMS,6800,10189.488937288,9767.535415412,60.5,PLTZERO
379420:9518,537:537,04/15/24 02:16:47,STABLE BEAMS,6800,10186.150025700,9745.383315079,60.5,PLTZERO
379420:9518,538:538,04/15/24 02:17:11,STABLE BEAMS,6800,10151.765076540,9714.992649410,60.3,PLTZERO
379420:9518,539:539,04/15/24 02:17:34,STABLE BEAMS,6800,10145.906480743,9706.359550888,60.2,PLTZERO
379420:9518,540:540,04/15/24 02:17:57,STABLE BEAMS,6800,10133.614069925,9715.043431107,60.2,PLTZERO
379420:9518,541:541,04/15/24 02:18:20,STABLE BEAMS,6800,10135.639537617,9366.741750708,60.1,PLTZERO
379420:9518,542:542,04/15/24 02:18:44,STABLE BEAMS,6800,10128.156887544,7813.570703036,60.1,PLTZERO
379420:9518,543:543,04/15/24 02:19:07,STABLE BEAMS,6800,10163.111155731,9751.666725074,60.1,PLTZERO
379420:9518,544:544,04/15/24 02:19:30,STABLE BEAMS,6800,10287.038097425,9861.687982033,61.0,PLTZERO
379420:9518,545:545,04/15/24 02:19:54,STABLE BEAMS,6800,10275.513312261,9837.813164126,61.0,PLTZERO
379420:9518,546:546,04/15/24 02:20:17,STABLE BEAMS,6800,10276.199835205,9850.214938599,60.9,PLTZERO
379420:9518,547:547,04/15/24 02:20:40,STABLE BEAMS,6800,10273.418542253,9846.308558046,61.0,PLTZERO
379420:9518,548:548,04/15/24 02:21:04,STABLE BEAMS,6800,10264.692650630,9835.577729417,60.9,PLTZERO
379420:9518,549:549,04/15/24 02:21:27,STABLE BEAMS,6800,10270.633249168,9335.099093197,60.9,PLTZERO
379420:9518,550:550,04/15/24 02:21:50,STABLE BEAMS,6800,10253.668882211,9832.568838859,60.7,PLTZERO
379420:9518,551:551,04/15/24 02:22:14,STABLE BEAMS,6800,10228.255932899,9809.803438029,60.8,PLTZERO
379420:9518,552:552,04/15/24 02:22:37,STABLE BEAMS,6800,10172.281362203,9618.656419810,60.7,PLTZERO
379420:9518,553:553,04/15/24 02:23:00,STABLE BEAMS,6800,10126.234923311,9718.069902253,60.2,PLTZERO
379420:9518,554:554,04/15/24 02:23:23,STABLE BEAMS,6800,10240.445740287,9813.483241009,60.1,PLTZERO
379420:9518,555:555,04/15/24 02:23:47,STABLE BEAMS,6800,5074.741870148,4858.365978769,60.8,PLTZERO
379420:9518,556:556,04/15/24 02:24:10,STABLE BEAMS,6800,0.000344639,0.000343089,0.0,PLTZERO
379420:9518,557:557,04/15/24 02:24:33,STABLE BEAMS,6800,0.000314092,0.000311070,0.0,PLTZERO
#Summary:
#nfill,nrun,nls,ncms,totdelivered(1e30/cm2s),totrecorded(1e30/cm2s)
#1,1,522,522,4916593.836314840,4637388.313263153
