fill,run,LS,avgpu
7118,322079,39,57.6
7118,322079,40,57.5
7118,322079,41,57.5
7118,322079,42,57.4
7118,322079,43,57.1
7118,322079,44,57.1
7118,322079,45,15.1
7118,322079,46,31.2
7118,322079,47,50.0
7118,322079,48,50.8
7118,322079,49,34.0
7118,322079,50,6.3
7118,322079,51,56.6
7118,322079,52,7.6
7118,322079,53,22.0
7118,322079,54,47.1
7118,322079,55,50.5
7118,322079,56,30.6
7118,322079,57,5.0
7118,322079,58,56.2
7118,322079,59,56.1
7118,322079,60,56.1
7118,322079,61,56.0
7118,322079,62,56.0
7118,322079,63,55.9
7118,322079,64,55.9
7118,322079,65,55.8
7118,322079,66,55.7
7118,322079,67,55.7
7118,322079,68,55.8
7118,322079,69,55.6
7118,322079,70,55.5
7118,322079,71,55.4
7118,322079,72,55.1
7118,322079,73,55.2
7118,322079,74,55.0
7118,322079,75,54.8
7118,322079,76,54.8
7118,322079,77,54.7
7118,322079,78,54.6
7118,322079,79,54.6
7118,322079,80,54.6
7118,322079,81,54.6
7118,322079,82,54.6
7118,322079,83,54.4
7118,322079,84,54.2
7118,322079,85,54.2
7118,322079,86,54.1
7118,322079,87,54.0
7118,322079,88,53.9
7118,322079,89,53.8
7118,322079,90,53.7
7118,322079,91,53.5
7118,322079,92,53.4
7118,322079,93,53.2
7118,322079,94,53.2
7118,322079,95,53.2
7118,322079,96,53.2
7118,322079,97,53.1
7118,322079,98,53.0
7118,322079,99,53.0
7118,322079,100,52.9
7118,322079,101,52.8
7118,322079,102,52.8
7118,322079,103,52.8
7118,322079,104,52.8
7118,322079,105,52.7
7118,322079,106,52.6
7118,322079,107,52.7
7118,322079,108,52.5
7118,322079,109,48.9
7118,322079,110,50.8
7118,322079,111,44.4
7118,322079,112,52.2
7118,322079,113,43.8
7118,322079,114,51.6
7118,322079,115,54.7
7118,322079,116,54.6
7118,322079,117,54.6
7118,322079,118,54.6
7118,322079,119,54.5
7118,322079,120,54.5
7118,322079,121,54.4
7118,322079,122,54.4
7118,322079,123,54.3
7118,322079,124,54.2
7118,322079,125,54.2
7118,322079,126,54.1
7118,322079,127,54.1
7118,322079,128,54.1
7118,322079,129,54.0
7118,322079,130,54.0
7118,322079,131,53.9
7118,322079,132,54.0
7118,322079,133,54.0
7118,322079,134,53.9
7118,322079,135,53.8
7118,322079,136,53.8
7118,322079,137,53.8
7118,322079,138,53.8
7118,322079,139,53.7
7118,322079,140,53.7
7118,322079,141,53.6
7118,322079,142,53.8
7118,322079,143,53.7
7118,322079,144,53.6
7118,322079,145,53.6
7118,322079,146,53.5
7118,322079,147,53.5
7118,322079,148,53.4
7118,322079,149,53.4
7118,322079,150,53.3
7118,322079,151,53.3
7118,322079,152,53.2
7118,322079,153,53.2
7118,322079,154,53.2
7118,322079,155,53.1
7118,322079,156,53.1
7118,322079,157,52.9
7118,322079,158,53.1
7118,322079,159,53.1
7118,322079,160,52.9
7118,322079,161,52.8
7118,322079,162,52.8
7118,322079,163,52.8
7118,322079,164,52.6
7118,322079,165,52.7
7118,322079,166,52.6
7118,322079,167,52.6
7118,322079,168,52.5
7118,322079,169,52.5
7118,322079,170,52.5
7118,322079,171,52.5
7118,322079,172,52.4
7118,322079,173,52.4
7118,322079,174,52.3
7118,322079,175,52.3
7118,322079,176,52.2
7118,322079,177,52.1
7118,322079,178,52.1
7118,322079,179,52.0
7118,322079,180,52.2
7118,322079,181,52.2
7118,322079,182,52.1
7118,322079,183,52.0
7118,322079,184,52.0
7118,322079,185,52.0
7118,322079,186,51.9
7118,322079,187,51.9
7118,322079,188,51.8
7118,322079,189,51.8
7118,322079,190,51.8
7118,322079,191,51.8
7118,322079,192,51.8
7118,322079,193,51.7
7118,322079,194,51.7
7118,322079,195,51.6
7118,322079,196,51.6
7118,322079,197,51.6
7118,322079,198,51.5
7118,322079,199,51.5
7118,322079,200,51.5
7118,322079,201,51.4
7118,322079,202,51.4
7118,322079,203,51.4
7118,322079,204,51.4
7118,322079,205,51.3
7118,322079,206,51.2
7118,322079,207,51.2
7118,322079,208,51.2
7118,322079,209,51.2
7118,322079,210,51.1
7118,322079,211,51.1
7118,322079,212,51.0
7118,322079,213,51.0
7118,322079,214,50.9
7118,322079,215,50.8
7118,322079,216,50.8
7118,322079,217,50.9
7118,322079,218,50.9
7118,322079,219,50.8
7118,322079,220,50.7
7118,322079,221,50.7
7118,322079,222,50.6
7118,322079,223,50.6
7118,322079,224,50.6
7118,322079,225,50.6
7118,322079,226,50.6
7118,322079,227,50.6
7118,322079,228,50.5
7118,322079,229,50.5
7118,322079,230,50.5
7118,322079,231,50.4
7118,322079,232,50.4
7118,322079,233,50.3
7118,322079,234,50.3
7118,322079,235,50.2
7118,322079,236,50.2
7118,322079,237,50.2
7118,322079,238,47.1
7118,322079,239,50.1
7118,322079,240,48.6
7118,322079,241,50.0
7118,322079,242,50.0
7118,322079,243,47.8
7118,322079,244,50.2
7118,322079,245,50.2
7118,322079,246,50.1
7118,322079,247,50.1
7118,322079,248,50.1
7118,322079,249,50.0
7118,322079,250,50.0
7118,322079,251,50.0
7118,322079,252,49.9
7118,322079,253,49.7
7118,322079,254,50.1
7118,322079,255,50.0
7118,322079,256,50.0
7118,322079,257,49.9
7118,322079,258,49.9
7118,322079,259,49.8
7118,322079,260,49.8
7118,322079,261,49.8
7118,322079,262,49.7
7118,322079,263,49.7
7118,322079,264,49.7
7118,322079,265,49.6
7118,322079,266,49.6
7118,322079,267,49.5
7118,322079,268,49.5
7118,322079,269,49.5
7118,322079,270,49.4
7118,322079,271,49.4
7118,322079,272,49.3
7118,322079,273,49.2
7118,322079,274,49.3
7118,322079,275,49.3
7118,322079,276,49.3
7118,322079,277,49.2
7118,322079,278,49.1
7118,322079,279,49.1
7118,322079,280,49.1
7118,322079,281,49.1
7118,322079,282,49.0
7118,322079,283,48.9
7118,322079,284,48.9
7118,322079,285,48.9
7118,322079,286,48.8
7118,322079,287,48.8
7118,322079,288,48.7
7118,322079,289,48.7
7118,322079,290,48.7
7118,322079,291,48.7
7118,322079,292,48.6
7118,322079,293,48.6
7118,322079,294,48.8
7118,322079,295,48.7
7118,322079,296,48.7
7118,322079,297,48.6
7118,322079,298,48.6
7118,322079,299,48.5
7118,322079,300,48.5
7118,322079,301,48.4
7118,322079,302,48.4
7118,322079,303,48.4
7118,322079,304,48.5
7118,322079,305,48.3
7118,322079,306,48.3
7118,322079,307,48.3
7118,322079,308,48.3
7118,322079,309,48.3
7118,322079,310,48.2
7118,322079,311,48.2
7118,322079,312,48.1
7118,322079,313,48.1
7118,322079,314,48.1
7118,322079,315,48.0
7118,322079,316,48.0
7118,322079,317,48.0
7118,322079,318,47.9
7118,322079,319,47.9
7118,322079,320,47.9
7118,322079,321,47.8
7118,322079,322,47.8
7118,322079,323,47.8
7118,322079,324,47.7
7118,322079,325,47.7
7118,322079,326,47.7
7118,322079,327,47.6
7118,322079,328,47.6
7118,322079,329,47.6
7118,322079,330,47.5
7118,322079,331,47.5
7118,322079,332,47.4
7118,322079,333,47.4
7118,322079,334,47.3
7118,322079,335,47.3
7118,322079,336,47.5
7118,322079,337,47.4
7118,322079,338,47.4
7118,322079,339,47.3
7118,322079,340,47.3
7118,322079,341,47.3
7118,322079,342,47.2
7118,322079,343,47.2
7118,322079,344,47.2
7118,322079,345,47.1
7118,322079,346,47.1
7118,322079,347,47.0
7118,322079,348,47.1
7118,322079,349,47.0
7118,322079,350,47.0
7118,322079,351,46.9
7118,322079,352,46.9
7118,322079,353,46.8
7118,322079,354,46.8
7118,322079,355,46.8
7118,322079,356,46.8
7118,322079,357,46.8
7118,322079,358,46.8
7118,322079,359,46.8
7118,322079,360,46.7
7118,322079,361,46.7
7118,322079,362,46.5
7118,322079,363,46.6
7118,322079,364,46.5
7118,322079,365,46.5
7118,322079,366,46.4
7118,322079,367,46.4
7118,322079,368,46.3
7118,322079,369,46.3
7118,322079,370,46.3
7118,322079,371,46.3
7118,322079,372,46.3
7118,322079,373,46.2
7118,322079,374,46.4
7118,322079,375,46.3
7118,322079,376,46.3
7118,322079,377,46.2
7118,322079,378,46.2
7118,322079,379,46.2
7118,322079,380,46.2
7118,322079,381,46.1
7118,322079,382,46.1
7118,322079,383,46.1
7118,322079,384,46.0
7118,322079,385,46.0
7118,322079,386,46.0
7118,322079,387,45.8
7118,322079,388,46.0
7118,322079,389,45.9
7118,322079,390,45.9
7118,322079,391,45.8
7118,322079,392,45.7
7118,322079,393,45.7
7118,322079,394,45.7
7118,322079,395,45.7
7118,322079,396,45.8
7118,322079,397,45.6
7118,322079,398,45.6
7118,322079,399,45.6
7118,322079,400,45.6
7118,322079,401,45.5
7118,322079,402,45.5
7118,322079,403,45.4
7118,322079,404,45.4
7118,322079,405,45.3
7118,322079,406,45.3
7118,322079,407,45.2
7118,322079,408,45.4
7118,322079,409,45.4
7118,322079,410,45.3
7118,322079,411,45.2
7118,322079,412,45.2
7118,322079,413,45.2
7118,322079,414,45.2
7118,322079,415,45.1
7118,322079,416,45.1
7118,322079,417,45.1
7118,322079,418,45.0
7118,322079,419,44.9
7118,322079,420,45.2
7118,322079,421,45.0
7118,322079,422,45.0
7118,322079,423,45.0
7118,322079,424,45.0
7118,322079,425,44.9
7118,322079,426,44.6
7118,322079,427,45.0
7118,322079,428,44.9
7118,322079,429,44.8
7118,322079,430,44.8
7118,322079,431,44.7
7118,322079,432,44.7
7118,322079,433,44.7
7118,322079,434,44.7
7118,322079,435,44.7
7118,322079,436,44.7
7118,322079,437,44.6
7118,322079,438,44.6
7118,322079,439,44.5
7118,322079,440,44.5
7118,322079,441,44.5
7118,322079,442,44.4
7118,322079,443,44.3
7118,322079,444,44.4
7118,322079,445,44.4
7118,322079,446,44.3
7118,322079,447,44.2
7118,322079,448,44.3
7118,322079,449,44.3
7118,322079,450,44.2
7118,322079,451,44.2
7118,322079,452,44.2
7118,322079,453,44.2
7118,322079,454,44.1
7118,322079,455,44.1
7118,322079,456,44.0
7118,322079,457,43.9
7118,322079,458,44.1
7118,322079,459,44.1
7118,322088,1,43.1
7118,322088,2,43.7
7118,322088,3,43.6
7118,322088,4,43.6
7118,322088,5,43.6
7118,322088,6,43.5
7118,322088,7,43.4
7118,322088,8,43.4
7118,322088,9,43.4
7118,322088,10,43.4
7118,322088,11,43.4
7118,322088,12,43.4
7118,322088,13,43.4
7118,322088,14,43.4
7118,322088,15,43.3
7118,322088,16,43.3
7118,322088,17,43.2
7118,322088,18,43.2
7118,322088,19,43.2
7118,322088,20,43.2
7118,322088,21,43.1
7118,322088,22,43.0
7118,322088,23,43.2
7118,322088,24,43.1
7118,322088,25,43.0
7118,322088,26,43.0
7118,322088,27,43.0
7118,322088,28,42.9
7118,322088,29,42.9
7118,322088,30,42.9
7118,322088,31,42.9
7118,322088,32,42.9
7118,322088,33,42.8
7118,322088,34,42.8
7118,322088,35,42.8
7118,322088,36,42.9
7118,322088,37,42.9
7118,322088,38,42.8
7118,322088,39,42.8
7118,322088,40,42.8
7118,322088,41,42.7
7118,322088,42,42.7
7118,322088,43,42.7
7118,322088,44,42.7
7118,322088,45,42.6
7118,322088,46,42.6
7118,322088,47,42.6
7118,322088,48,42.5
7118,322088,49,42.5
7118,322088,50,42.5
7118,322088,51,42.4
7118,322088,52,42.4
7118,322088,53,42.4
7118,322088,54,42.2
7118,322088,55,42.3
7118,322088,56,42.3
7118,322088,57,42.3
7118,322088,58,42.3
7118,322088,59,42.2
7118,322088,60,42.2
7118,322088,61,42.2
7118,322088,62,42.1
7118,322088,63,42.2
7118,322088,64,42.1
7118,322088,65,42.1
7118,322088,66,42.0
7118,322088,67,42.0
7118,322088,68,42.0
7118,322088,69,42.0
7118,322088,70,41.9
7118,322088,71,41.9
7118,322088,72,41.9
7118,322088,73,41.8
7118,322088,74,41.8
7118,322088,75,41.8
7118,322088,76,41.7
7118,322088,77,41.7
7118,322088,78,41.7
7118,322088,79,41.7
7118,322088,80,41.6
7118,322088,81,41.6
7118,322088,82,41.6
7118,322088,83,41.7
7118,322088,84,41.6
7118,322088,85,39.3
7118,322088,86,40.7
7118,322088,87,41.6
7118,322088,88,37.4
7118,322088,89,37.6
7118,322088,90,41.6
7118,322088,91,41.6
7118,322088,92,41.5
7118,322088,93,41.5
7118,322088,94,41.4
7118,322088,95,41.4
7118,322088,96,41.4
7118,322088,97,41.4
7118,322088,98,41.3
7118,322088,99,41.3
7118,322088,100,41.3
7118,322088,101,41.2
7118,322088,102,41.3
7118,322088,103,41.3
7118,322088,104,41.2
7118,322088,105,41.2
7118,322088,106,41.2
7118,322088,107,41.0
7118,322088,108,41.1
7118,322088,109,41.1
7118,322088,110,41.0
7118,322088,111,41.1
7118,322088,112,40.9
7118,322088,113,40.9
7118,322088,114,40.9
7118,322088,115,40.9
7118,322088,116,40.8
7118,322088,117,40.9
7118,322088,118,40.8
7118,322088,119,40.8
7118,322088,120,40.8
7118,322088,121,40.6
7118,322088,122,40.8
7118,322088,123,40.8
7118,322088,124,40.7
7118,322088,125,40.7
7118,322088,126,40.6
7118,322088,127,40.6
7118,322088,128,40.5
7118,322088,129,40.7
7118,322088,130,40.7
7118,322088,131,40.6
7118,322088,132,40.6
7118,322088,133,40.5
7118,322088,134,40.5
7118,322088,135,40.5
7118,322088,136,40.5
7118,322088,137,40.4
7118,322088,138,40.4
7118,322088,139,40.4
7118,322088,140,40.3
7118,322088,141,40.2
7118,322088,142,40.3
7118,322088,143,40.3
7118,322088,144,40.2
7118,322088,145,40.3
7118,322088,146,40.2
7118,322088,147,40.2
7118,322088,148,40.2
7118,322088,149,40.1
7118,322088,150,40.2
7118,322088,151,40.1
7118,322088,152,40.0
7118,322088,153,40.0
7118,322088,154,40.0
7118,322088,155,40.0
7118,322088,156,40.0
7118,322088,157,39.9
7118,322088,158,39.9
7118,322088,159,39.9
7118,322088,160,39.8
7118,322088,161,39.8
7118,322088,162,39.8
7118,322088,163,39.8
7118,322088,164,39.8
7118,322088,165,39.7
7118,322088,166,39.7
7118,322088,167,39.7
7118,322088,168,39.7
7118,322088,169,39.6
7118,322088,170,39.6
7118,322088,171,39.6
7118,322088,172,39.6
7118,322088,173,39.5
7118,322088,174,39.5
7118,322088,175,39.5
7118,322088,176,39.5
7118,322088,177,39.6
7118,322088,178,39.5
7118,322088,179,39.5
7118,322088,180,39.5
7118,322088,181,39.5
7118,322088,182,39.4
7118,322088,183,39.4
7118,322088,184,39.4
7118,322088,185,39.4
7118,322088,186,39.3
7118,322088,187,39.3
7118,322088,188,39.3
7118,322088,189,39.3
7118,322088,190,39.1
7118,322088,191,39.2
7118,322088,192,39.3
7118,322088,193,39.1
7118,322088,194,39.1
7118,322088,195,39.1
7118,322088,196,39.1
7118,322088,197,39.0
7118,322088,198,39.0
7118,322088,199,39.0
7118,322088,200,39.0
7118,322088,201,38.9
7118,322088,202,38.9
7118,322088,203,38.9
7118,322088,204,38.9
7118,322088,205,38.9
7118,322088,206,38.9
7118,322088,207,38.8
7118,322088,208,38.8
7118,322088,209,38.8
7118,322088,210,38.7
7118,322088,211,38.7
7118,322088,212,38.7
7118,322088,213,38.6
7118,322088,214,38.6
7118,322088,215,38.6
7118,322088,216,38.6
7118,322088,217,38.5
7118,322088,218,38.5
7118,322088,219,38.5
7118,322088,220,38.5
7118,322088,221,38.5
7118,322088,222,38.6
7118,322088,223,38.5
7118,322088,224,38.5
7118,322088,225,38.5
7118,322088,226,38.5
7118,322088,227,38.4
7118,322088,228,38.4
7118,322088,229,38.4
7118,322088,230,38.3
7118,322088,231,38.3
7118,322088,232,38.3
7118,322088,233,38.3
7118,322088,234,38.2
7118,322088,235,38.2
7118,322088,236,38.2
7118,322088,237,38.2
7118,322088,238,38.1
7118,322088,239,38.2
7118,322088,240,38.1
7118,322088,241,38.1
7118,322088,242,38.1
7118,322088,243,38.0
7118,322088,244,38.0
7118,322088,245,38.0
7118,322088,246,38.0
7118,322088,247,37.9
7118,322088,248,37.7
7118,322088,249,37.9
7118,322088,250,37.9
7118,322088,251,37.8
7118,322088,252,37.8
7118,322088,253,37.8
7118,322088,254,37.8
7118,322088,255,37.7
7118,322088,256,37.7
7118,322088,257,37.7
7118,322088,258,37.7
7118,322088,259,37.6
7118,322088,260,37.6
7118,322088,261,37.6
7118,322088,262,37.6
7118,322088,263,37.5
7118,322088,264,37.5
7118,322088,265,37.5
7118,322088,266,37.4
7118,322088,267,37.4
7118,322088,268,37.4
7118,322088,269,37.4
7118,322088,270,37.4
7118,322088,271,37.3
7118,322088,272,37.3
7118,322088,273,37.4
7118,322088,274,37.4
7118,322088,275,37.4
7118,322088,276,37.4
7118,322088,277,37.3
7118,322088,278,37.3
7118,322088,279,37.3
7118,322088,280,37.3
7118,322088,281,37.2
7118,322088,282,37.2
7118,322088,283,37.2
7118,322088,284,37.2
7118,322088,285,37.1
7118,322088,286,37.1
7118,322088,287,37.1
7118,322088,288,37.1
7118,322088,289,37.0
7118,322088,290,37.0
7118,322088,291,37.0
7118,322088,292,37.0
7118,322088,293,37.0
7118,322088,294,37.0
7118,322088,295,36.9
7118,322088,296,36.9
7118,322088,297,36.9
7118,322088,298,36.8
7118,322088,299,36.8
7118,322088,300,36.8
7118,322088,301,36.8
7118,322088,302,36.7
7118,322088,303,36.8
7118,322088,304,36.7
7118,322088,305,36.7
7118,322088,306,36.7
7118,322088,307,36.7
7118,322088,308,36.6
7118,322088,309,36.6
7118,322088,310,36.6
7118,322088,311,36.6
7118,322088,312,36.5
7118,322088,313,36.5
7118,322088,314,36.5
7118,322088,315,36.4
7118,322088,316,36.4
7118,322088,317,36.4
7118,322088,318,36.4
7118,322088,319,36.4
7118,322088,320,36.4
7118,322088,321,36.4
7118,322088,322,36.3
7118,322088,323,36.3
7118,322088,324,36.4
7118,322088,325,36.4
7118,322088,326,36.4
7118,322088,327,36.3
7118,322088,328,36.3
7118,322088,329,36.3
7118,322088,330,36.2
7118,322088,331,36.2
7118,322088,332,36.2
7118,322088,333,36.1
7118,322088,334,36.1
7118,322088,335,36.1
7118,322088,336,36.1
7118,322088,337,36.1
7118,322088,338,36.0
7118,322088,339,36.0
7118,322088,340,36.0
7118,322088,341,36.0
7118,322088,342,36.0
7118,322088,343,35.9
7118,322088,344,35.9
7118,322088,345,35.9
7118,322088,346,35.9
7118,322088,347,35.9
7118,322088,348,35.8
7118,322088,349,35.8
7118,322088,350,35.8
7118,322088,351,35.8
7118,322088,352,35.7
7118,322088,353,35.7
7118,322088,354,35.7
7118,322088,355,35.7
7118,322088,356,35.6
7118,322088,357,35.6
7118,322088,358,35.6
7118,322088,359,35.6
7118,322088,360,35.6
7118,322088,361,35.5
7118,322088,362,35.5
7118,322088,363,35.5
7118,322088,364,35.5
7118,322088,365,35.5
7118,322088,366,35.3
7118,322088,367,35.4
7118,322088,368,35.5
7118,322088,369,35.4
7118,322088,370,35.4
7118,322088,371,35.4
7118,322088,372,35.3
7118,322088,373,35.3
7118,322088,374,35.3
7118,322088,375,35.4
7118,322088,376,34.1
7118,322088,377,33.1
7118,322088,378,31.6
7118,322088,379,35.1
7118,322088,380,35.2
7118,322088,381,35.2
7118,322088,382,35.3
7118,322088,383,35.2
7118,322088,384,35.2
7118,322088,385,35.2
7118,322088,386,35.1
7118,322088,387,35.1
7118,322088,388,35.1
7118,322088,389,35.1
7118,322088,390,35.0
7118,322088,391,35.0
7118,322088,392,35.0
7118,322088,393,35.0
7118,322088,394,34.9
7118,322088,395,34.9
7118,322088,396,35.0
7118,322088,397,34.9
7118,322088,398,34.9
7118,322088,399,34.8
7118,322088,400,34.8
7118,322088,401,34.8
7118,322088,402,34.7
7118,322088,403,34.7
7118,322088,404,34.7
7118,322088,405,34.7
7118,322088,406,34.7
7118,322088,407,34.7
7118,322088,408,34.7
7118,322088,409,34.6
7118,322088,410,34.6
7118,322088,411,34.6
7118,322088,412,34.6
7118,322088,413,34.6
7118,322088,414,34.5
7118,322088,415,34.5
7118,322088,416,34.5
7118,322088,417,34.5
7118,322088,418,34.4
7118,322088,419,34.4
7118,322088,420,34.4
7118,322088,421,34.4
7118,322088,422,34.4
7118,322088,423,34.3
7118,322088,424,34.3
7118,322088,425,34.3
7118,322088,426,34.3
7118,322088,427,34.2
7118,322088,428,34.3
7118,322088,429,34.3
7118,322088,430,34.3
7118,322088,431,34.3
7118,322088,432,34.2
7118,322088,433,34.2
7118,322088,434,34.2
7118,322088,435,34.2
7118,322088,436,34.1
7118,322088,437,34.0
7118,322088,438,34.1
7118,322088,439,34.1
7118,322088,440,34.0
7118,322088,441,34.0
7118,322088,442,34.0
7118,322088,443,34.0
7118,322088,444,34.0
7118,322088,445,34.0
7118,322088,446,34.0
7118,322088,447,33.9
7118,322088,448,33.9
7118,322088,449,33.9
7118,322088,450,33.9
7118,322088,451,33.9
7118,322088,452,33.8
7118,322088,453,33.8
7118,322088,454,33.8
7118,322088,455,33.7
7118,322088,456,33.7
7118,322088,457,33.6
7118,322088,458,33.7
7118,322088,459,33.7
7118,322088,460,33.7
7118,322088,461,33.6
7118,322088,462,33.6
7118,322088,463,33.6
7118,322088,464,33.6
7118,322088,465,33.6
7118,322088,466,33.5
7118,322088,467,33.5
7118,322088,468,33.5
7118,322088,469,33.5
7118,322088,470,33.5
7118,322088,471,33.4
7118,322088,472,33.4
7118,322088,473,33.4
7118,322088,474,33.4
7118,322088,475,33.3
7118,322088,476,33.3
7118,322088,477,33.3
7118,322088,478,33.3
7118,322088,479,33.4
7118,322088,480,33.3
7118,322088,481,33.3
7118,322088,482,33.2
7118,322088,483,33.3
7118,322088,484,33.2
7118,322088,485,33.2
7118,322088,486,33.2
7118,322088,487,33.2
7118,322088,488,33.2
7118,322088,489,33.1
7118,322088,490,33.0
7118,322088,491,33.1
7118,322088,492,33.1
7118,322088,493,33.0
7118,322088,494,33.0
7118,322088,495,33.0
7118,322088,496,33.0
7118,322088,497,33.0
7118,322088,498,32.9
7118,322088,499,32.9
7118,322088,500,32.9
7118,322088,501,32.9
7118,322088,502,32.9
7118,322088,503,32.9
7118,322088,504,32.8
7118,322088,505,32.8
7118,322088,506,32.8
7118,322088,507,32.7
7118,322088,508,32.8
7118,322088,509,32.7
7118,322088,510,32.7
7118,322088,511,32.7
7118,322088,512,32.7
7118,322088,513,32.6
7118,322088,514,32.6
7118,322088,515,32.6
7118,322088,516,32.5
7118,322088,517,32.5
7118,322088,518,32.5
7118,322088,519,32.5
7118,322088,520,32.5
7118,322088,521,32.5
7118,322088,522,32.5
7118,322088,523,32.4
7118,322088,524,32.4
7118,322088,525,32.4
7118,322088,526,32.4
7118,322088,527,32.4
7118,322088,528,32.4
7118,322088,529,32.4
7118,322088,530,32.3
7118,322088,531,32.3
7118,322088,532,32.3
7118,322088,533,32.4
7118,322088,534,32.4
7118,322088,535,32.3
7118,322088,536,32.3
7118,322088,537,32.3
7118,322088,538,32.3
7118,322088,539,32.2
7118,322088,540,32.2
7118,322088,541,32.2
7118,322088,542,32.2
7118,322088,543,32.1
7118,322088,544,32.1
7118,322088,545,32.1
7118,322088,546,32.1
7118,322088,547,32.1
7118,322088,548,32.1
7118,322088,549,32.0
7118,322088,550,32.0
7118,322088,551,32.0
7118,322088,552,32.0
7118,322088,553,32.0
7118,322088,554,31.9
7118,322088,555,31.9
7118,322088,556,31.8
7118,322088,557,31.9
7118,322088,558,31.9
7118,322088,559,31.9
7118,322088,560,31.8
7118,322088,561,32.0
7118,322088,562,31.9
7118,322088,563,31.8
7118,322088,564,31.8
7118,322088,565,31.8
7118,322088,566,31.8
7118,322088,567,31.8
7118,322088,568,31.7
7118,322088,569,31.7
7118,322088,570,31.6
7118,322088,571,31.6
7118,322088,572,31.5
7118,322088,573,31.5
7118,322088,574,31.6
7118,322088,575,13.5
7118,322088,576,7.4
7118,322088,577,15.9
7118,322088,578,31.4
7118,322088,579,27.9
7118,322088,580,14.2
7118,322088,581,2.8
7118,322088,582,29.9
7118,322088,583,6.9
7118,322088,584,15.2
7118,322088,585,31.4
7118,322088,586,27.9
7118,322088,587,9.1
7118,322088,588,3.3
7118,322088,589,31.4
7118,322088,590,31.3
7118,322088,591,31.3
7118,322088,592,31.4
7118,322088,593,31.3
7118,322088,594,31.3
7118,322088,595,31.3
7118,322088,596,31.2
7131,322348,40,53.5
7131,322348,41,53.5
7131,322348,42,10.1
7131,322348,43,12.8
7131,322348,44,27.1
7131,322348,45,53.2
7131,322348,46,49.7
7131,322348,47,24.4
7131,322348,48,7.5
7131,322348,49,39.8
7131,322348,50,10.2
7131,322348,51,23.1
7131,322348,52,53.1
7131,322348,53,46.6
7131,322348,54,13.8
7131,322348,55,5.0
7131,322348,56,53.0
7131,322348,57,53.0
7131,322348,58,52.8
7131,322348,59,52.7
7131,322348,60,49.2
7131,322348,61,51.7
7131,322348,62,44.3
7131,322348,63,52.4
7131,322348,64,52.3
7131,322348,65,52.8
7131,322348,66,52.8
7131,322348,67,52.7
7131,322348,68,52.7
7131,322348,69,52.7
7131,322348,70,52.6
7131,322348,71,52.6
7131,322348,72,52.5
7131,322348,73,52.5
7131,322348,74,52.7
7131,322348,75,52.7
7131,322348,76,52.6
7131,322348,77,52.6
7131,322348,78,52.5
7131,322348,79,52.4
7131,322348,80,52.5
7131,322348,81,52.4
7131,322348,82,52.2
7131,322348,83,52.2
7131,322348,84,52.2
7131,322348,85,52.1
7131,322348,86,52.1
7131,322348,87,52.0
7131,322348,88,51.9
7131,322348,89,51.9
7131,322348,90,51.8
7131,322348,91,51.7
7131,322348,92,51.6
7131,322348,93,51.5
7131,322348,94,51.5
7131,322348,95,51.4
7131,322348,96,51.4
7131,322348,97,51.3
7131,322348,98,51.3
7131,322348,99,51.4
7131,322348,100,51.3
7131,322348,101,51.3
7131,322348,102,51.0
7131,322348,103,51.3
7131,322348,104,51.1
7131,322348,105,50.9
7131,322348,106,50.9
7131,322348,107,50.8
7131,322348,108,50.8
7131,322348,109,50.6
7131,322348,110,50.6
7131,322348,111,50.6
7131,322348,112,50.6
7131,322348,113,50.5
7131,322348,114,50.4
7131,322348,115,50.4
7131,322348,116,50.3
7131,322348,117,50.3
7131,322348,118,50.3
7131,322348,119,50.3
7131,322348,120,50.2
7131,322348,121,50.1
7131,322348,122,50.2
7131,322348,123,50.1
7131,322348,124,50.1
7131,322348,125,50.0
7131,322348,126,50.0
7131,322348,127,49.8
7131,322348,128,49.8
7131,322348,129,49.8
7131,322348,130,49.7
7131,322348,131,49.8
7131,322348,132,49.8
7131,322348,133,49.7
7131,322348,134,49.7
7131,322348,135,49.7
7131,322348,136,49.7
7131,322348,137,49.6
7131,322348,138,49.6
7131,322348,139,49.5
7131,322348,140,49.5
7131,322348,141,49.5
7131,322348,142,49.4
7131,322348,143,49.3
7131,322348,144,49.2
7131,322348,145,49.2
7131,322348,146,49.2
7131,322348,147,49.1
7131,322348,148,48.9
7131,322348,149,48.9
7131,322348,150,48.9
7131,322348,151,48.9
7131,322348,152,48.9
7131,322348,153,48.9
7131,322348,154,48.8
7131,322348,155,48.8
7131,322348,156,48.7
7131,322348,157,48.7
7131,322348,158,48.7
7131,322348,159,48.6
7131,322348,160,48.6
7131,322348,161,48.6
7131,322348,162,48.5
7131,322348,163,48.5
7131,322348,164,48.5
7131,322348,165,48.6
7131,322348,166,48.5
7131,322348,167,48.4
7131,322348,168,48.6
7131,322348,169,48.3
7131,322348,170,48.4
7131,322348,171,48.4
7131,322348,172,48.4
7131,322348,173,48.4
7131,322348,174,48.3
7131,322348,175,48.2
7131,322348,176,48.2
7131,322348,177,48.1
7131,322348,178,48.1
7131,322348,179,48.0
7131,322348,180,47.9
7131,322348,181,47.8
7131,322348,182,47.7
7131,322348,183,47.6
7131,322348,184,47.7
7131,322348,185,47.7
7131,322348,186,47.6
7131,322348,187,47.5
7131,322348,188,47.5
7131,322348,189,47.4
7131,322348,190,47.5
7131,322348,191,44.1
7131,322348,192,46.3
7131,322348,193,44.3
7131,322348,194,37.4
7131,322348,195,47.4
7131,322348,196,39.0
7131,322348,197,46.9
7131,322348,198,48.7
7131,322348,199,48.7
7131,322348,200,48.6
7131,322348,201,48.6
7131,322348,202,48.6
7131,322348,203,48.5
7131,322348,204,48.5
7131,322348,205,48.7
7131,322348,206,48.7
7131,322348,207,48.6
7131,322348,208,48.5
7131,322348,209,48.6
7131,322348,210,48.5
7131,322348,211,48.4
7131,322348,212,48.4
7131,322348,213,48.4
7131,322348,214,48.3
7131,322348,215,48.3
7131,322348,216,48.3
7131,322348,217,48.2
7131,322348,218,48.2
7131,322348,219,48.2
7131,322348,220,48.1
7131,322348,221,48.1
7131,322348,222,48.1
7131,322348,223,48.1
7131,322348,224,48.0
7131,322348,225,48.0
7131,322348,226,47.9
7131,322348,227,47.9
7131,322348,228,47.8
7131,322348,229,47.8
7131,322348,230,47.7
7131,322348,231,47.7
7131,322348,232,47.7
7131,322348,233,47.6
7131,322348,234,47.6
7131,322348,235,47.6
7131,322348,236,47.5
7131,322348,237,47.5
7131,322348,238,47.7
7131,322348,239,47.6
7131,322348,240,47.5
7131,322348,241,47.5
7131,322348,242,47.5
7131,322348,243,47.4
7131,322348,244,47.4
7131,322348,245,47.3
7131,322348,246,47.3
7131,322348,247,47.3
7131,322348,248,47.2
7131,322348,249,47.2
7131,322348,250,47.2
7131,322348,251,47.2
7131,322348,252,47.1
7131,322348,253,46.9
7131,322348,254,47.1
7131,322348,255,47.1
7131,322348,256,47.0
7131,322348,257,46.9
7131,322348,258,46.9
7131,322348,259,46.9
7131,322348,260,46.8
7131,322348,261,46.8
7131,322348,262,46.7
7131,322348,263,46.7
7131,322348,264,46.7
7131,322348,265,46.6
7131,322348,266,46.6
7131,322348,267,46.6
7131,322348,268,46.5
7131,322348,269,46.5
7131,322348,270,46.5
7131,322348,271,46.4
7131,322348,272,46.4
7131,322348,273,46.3
7131,322348,274,46.4
7131,322348,275,46.4
7131,322348,276,46.3
7131,322348,277,46.2
7131,322348,278,46.4
7131,322348,279,46.3
7131,322348,280,46.2
7131,322348,281,46.2
7131,322348,282,46.2
7131,322348,283,46.1
7131,322348,284,46.1
7131,322348,285,46.1
7131,322348,286,46.1
7131,322348,287,46.0
7131,322348,288,46.0
7131,322348,289,46.0
7131,322348,290,45.9
7131,322348,291,45.9
7131,322348,292,45.9
7131,322348,293,45.8
7131,322348,294,45.8
7131,322348,295,45.7
7131,322348,296,45.7
7131,322348,297,45.6
7131,322348,298,45.6
7131,322348,299,45.6
7131,322348,300,45.5
7131,322348,301,45.5
7131,322348,302,45.4
7131,322348,303,45.5
7131,322348,304,45.3
7131,322348,305,45.5
7131,322348,306,45.5
7131,322348,307,45.3
7131,322348,308,45.3
7131,322348,309,45.3
7131,322348,310,45.2
7131,322348,311,45.2
7131,322348,312,45.2
7131,322348,313,45.1
7131,322348,314,45.1
7131,322348,315,45.0
7131,322348,316,45.1
7131,322348,317,45.0
7131,322348,318,45.0
7131,322348,319,45.2
7131,322348,320,45.1
7131,322348,321,45.0
7131,322348,322,45.0
7131,322348,323,45.0
7131,322348,324,44.9
7131,322348,325,44.9
7131,322348,326,44.9
7131,322348,327,42.2
7131,322348,328,44.8
7131,322348,329,44.7
7131,322348,330,42.5
7131,322348,331,42.5
7131,322348,332,45.0
7131,322348,333,45.0
7131,322348,334,44.9
7131,322348,335,44.9
7131,322348,336,44.9
7131,322348,337,44.8
7131,322348,338,44.8
7131,322348,339,44.8
7131,322348,340,44.8
7131,322348,341,44.7
7131,322348,342,44.7
7131,322348,343,44.7
7131,322348,344,44.6
7131,322348,345,44.4
7131,322348,346,44.6
7131,322348,347,44.6
7131,322348,348,44.5
7131,322348,349,44.5
7131,322348,350,44.5
7131,322348,351,44.4
7131,322348,352,44.4
7131,322348,353,44.4
7131,322348,354,44.2
7131,322348,355,44.3
7131,322348,356,44.2
7131,322348,357,44.2
7131,322348,358,44.2
7131,322348,359,44.1
7131,322348,360,44.3
7131,322348,361,44.2
7131,322348,362,44.2
7131,322348,363,44.2
7131,322348,364,44.2
7131,322348,365,44.2
7131,322348,366,44.1
7131,322348,367,44.1
7131,322348,368,44.1
7131,322348,369,44.0
7131,322348,370,44.0
7131,322348,371,44.0
7131,322348,372,43.9
7131,322348,373,43.9
7131,322348,374,43.9
7131,322348,375,43.9
7131,322348,376,43.8
7131,322348,377,43.8
7131,322348,378,43.8
7131,322348,379,43.8
7131,322348,380,43.7
7131,322348,381,43.7
7131,322348,382,43.7
7131,322348,383,43.7
7131,322348,384,43.6
7131,322348,385,43.6
7131,322348,386,43.5
7131,322348,387,43.5
7131,322348,388,43.5
7131,322348,389,43.5
7131,322348,390,43.4
7131,322348,391,43.4
7131,322348,392,43.4
7131,322348,393,43.3
7131,322348,394,43.3
7131,322348,395,43.3
7131,322348,396,43.3
7131,322348,397,43.2
7131,322348,398,43.3
7131,322348,399,43.2
7131,322348,400,43.2
7131,322348,401,43.1
7131,322348,402,43.1
7131,322348,403,43.1
7131,322348,404,43.0
7131,322348,405,43.2
7131,322348,406,43.1
7131,322348,407,43.1
7131,322348,408,43.1
7131,322348,409,43.0
7131,322348,410,43.0
7131,322348,411,43.0
7131,322348,412,42.9
7131,322348,413,42.9
7131,322348,414,42.9
7131,322348,415,42.9
7131,322348,416,42.9
7131,322348,417,42.8
7131,322348,418,42.8
7131,322348,419,42.7
7131,322348,420,42.7
7131,322348,421,42.7
7131,322348,422,42.6
7131,322348,423,42.6
7131,322348,424,42.6
7131,322348,425,42.6
7131,322348,426,42.5
7131,322348,427,42.5
7131,322348,428,42.5
7131,322348,429,42.4
7131,322348,430,42.4
7131,322348,431,42.4
7131,322348,432,42.4
7131,322348,433,42.3
7131,322348,434,42.3
7131,322348,435,42.3
7131,322348,436,42.2
7131,322348,437,42.2
7131,322348,438,42.1
7131,322348,439,42.2
7131,322348,440,42.1
7131,322348,441,42.1
7131,322348,442,42.0
7131,322348,443,42.0
7131,322348,444,42.0
7131,322348,445,42.0
7131,322348,446,41.9
7131,322348,447,41.9
7131,322348,448,42.0
7131,322348,449,42.0
7131,322348,450,41.9
7131,322348,451,41.9
7131,322348,452,41.9
7131,322348,453,41.9
7131,322348,454,41.9
7131,322348,455,41.8
7131,322348,456,41.8
7131,322348,457,41.9
7131,322348,458,41.8
7131,322348,459,41.8
7131,322348,460,41.7
7131,322348,461,41.7
7131,322348,462,41.7
7131,322348,463,41.7
7131,322348,464,41.6
7131,322348,465,41.6
7131,322348,466,41.6
7131,322348,467,41.5
7131,322348,468,41.5
7131,322348,469,41.5
7131,322348,470,41.5
7131,322348,471,41.4
7131,322348,472,41.4
7131,322348,473,41.3
7131,322348,474,41.3
7131,322348,475,41.3
7131,322348,476,41.3
7131,322348,477,41.2
7131,322348,478,41.2
7131,322348,479,41.2
7131,322348,480,41.0
7131,322348,481,41.2
7131,322348,482,41.2
7131,322348,483,41.1
7131,322348,484,41.1
7131,322348,485,41.0
7131,322348,486,41.0
7131,322348,487,41.0
7131,322348,488,40.9
7131,322348,489,40.9
7131,322348,490,40.9
7131,322348,491,40.9
7131,322348,492,40.8
7131,322348,493,41.0
7131,322348,494,40.9
7131,322348,495,40.9
7131,322348,496,40.8
7131,322348,497,40.8
7131,322348,498,40.8
7131,322348,499,40.8
7131,322348,500,40.7
7131,322348,501,40.7
7131,322348,502,40.7
7131,322348,503,40.6
7131,322348,504,40.6
7131,322348,505,40.5
7131,322348,506,40.5
7131,322348,507,40.5
7131,322348,508,40.5
7131,322348,509,40.5
7131,322348,510,40.4
7131,322348,511,40.4
7131,322348,512,40.4
7131,322348,513,40.4
7131,322348,514,40.3
7131,322348,515,40.3
7131,322348,516,40.3
7131,322348,517,40.3
7131,322348,518,40.3
7131,322348,519,40.3
7131,322348,520,40.1
7131,322348,521,40.1
7131,322348,522,40.1
7131,322348,523,40.1
7131,322348,524,40.1
7131,322348,525,40.0
7131,322348,526,40.0
7131,322348,527,39.9
7131,322348,528,39.9
7131,322348,529,39.9
7131,322348,530,39.9
7131,322348,531,39.9
7131,322348,532,39.9
7131,322348,533,39.8
7131,322348,534,39.8
7131,322348,535,39.8
7131,322348,536,39.9
7131,322348,537,39.9
7131,322348,538,39.9
7131,322348,539,39.2
7131,322348,540,38.8
7131,322348,541,35.0
7131,322348,542,36.7
7131,322348,543,39.7
7131,322348,544,39.8
7131,322348,545,39.8
7131,322348,546,39.7
7131,322348,547,39.7
7131,322348,548,39.7
7131,322348,549,39.7
7131,322348,550,39.6
7131,322348,551,39.6
7131,322348,552,39.6
7131,322348,553,39.5
7131,322348,554,39.5
7131,322348,555,39.5
7131,322348,556,39.5
7131,322348,557,39.5
7131,322348,558,39.4
7131,322348,559,39.4
7131,322348,560,39.4
7131,322348,561,39.3
7131,322348,562,39.3
7131,322348,563,39.3
7131,322348,564,39.3
7131,322348,565,39.2
7131,322348,566,39.2
7131,322348,567,39.2
7131,322348,568,39.2
7131,322348,569,39.1
7131,322348,570,39.2
7131,322348,571,39.1
7131,322348,572,39.1
7131,322348,573,39.0
7131,322348,574,39.0
7131,322348,575,39.0
7131,322348,576,39.0
7131,322348,577,39.0
7131,322348,578,38.9
7131,322348,579,38.9
7131,322348,580,38.9
7131,322348,581,38.9
7131,322348,582,38.8
7131,322348,583,38.8
7131,322348,584,38.8
7131,322348,585,38.9
7131,322348,586,38.8
7131,322348,587,38.8
7131,322348,588,38.8
7131,322348,589,38.7
7131,322348,590,38.7
7131,322348,591,38.7
7131,322348,592,38.7
7131,322348,593,38.7
7131,322348,594,38.6
7131,322348,595,38.6
7131,322348,596,38.6
7131,322348,597,38.5
7131,322348,598,38.5
7131,322348,599,38.6
7131,322348,600,38.5
7131,322348,601,38.5
7131,322348,602,38.5
7131,322348,603,38.4
7131,322348,604,38.4
7131,322348,605,38.4
7131,322348,606,38.4
7131,322348,607,38.3
7131,322348,608,38.3
7131,322348,609,38.2
7131,322348,610,38.3
7131,322348,611,38.2
7131,322348,612,38.2
7131,322348,613,38.2
7131,322348,614,38.2
7131,322348,615,38.1
7131,322348,616,38.1
7131,322348,617,38.1
7131,322348,618,38.1
7131,322348,619,38.1
7131,322348,620,38.0
7131,322348,621,38.0
7131,322348,622,38.0
7131,322348,623,37.9
7131,322348,624,37.9
7131,322348,625,37.9
7131,322348,626,37.9
7131,322348,627,37.8
7131,322348,628,37.8
7131,322348,629,37.9
7131,322348,630,37.8
7131,322348,631,37.7
7131,322348,632,37.9
7131,322348,633,37.8
7131,322348,634,37.8
7131,322348,635,37.8
7131,322348,636,37.7
7131,322348,637,37.7
7131,322348,638,37.7
7131,322348,639,37.7
7131,322348,640,37.6
7131,322348,641,37.6
7131,322348,642,37.6
7131,322348,643,37.6
7131,322348,644,37.5
7131,322348,645,37.5
7131,322348,646,37.5
7131,322348,647,37.5
7131,322348,648,37.5
7131,322348,649,37.4
7131,322348,650,37.4
7131,322348,651,37.4
7131,322348,652,37.4
7131,322348,653,37.3
7131,322348,654,37.3
7131,322348,655,37.3
7131,322348,656,37.3
7131,322348,657,37.2
7131,322348,658,37.2
7131,322348,659,37.3
7131,322348,660,37.2
7131,322348,661,37.2
7131,322348,662,37.1
7131,322348,663,37.1
7131,322348,664,37.1
7131,322348,665,37.1
7131,322348,666,36.9
7131,322348,667,36.9
7131,322348,668,36.9
7131,322348,669,36.9
7131,322348,670,36.9
7131,322348,671,36.9
7131,322348,672,36.8
7131,322348,673,36.8
7131,322348,674,36.8
7131,322348,675,36.8
7131,322348,676,36.7
7131,322348,677,36.7
7131,322348,678,36.7
7131,322348,679,36.7
7131,322348,680,36.8
7131,322348,681,36.8
7131,322348,682,36.7
7131,322348,683,36.7
7131,322348,684,36.7
7131,322348,685,36.6
7131,322348,686,36.6
7131,322348,687,36.6
7131,322348,688,36.6
7131,322348,689,36.6
7131,322348,690,36.5
7131,322348,691,36.5
7131,322348,692,36.5
7131,322348,693,36.5
7131,322348,694,36.4
7131,322348,695,36.4
7131,322348,696,36.4
7131,322348,697,36.4
7131,322348,698,36.3
7131,322348,699,36.3
7131,322348,700,36.3
7131,322348,701,36.3
7131,322348,702,36.2
7131,322348,703,36.2
7131,322348,704,36.2
7131,322348,705,36.2
7131,322348,706,36.2
7131,322348,707,36.1
7131,322348,708,36.1
7131,322348,709,36.1
7131,322348,710,36.1
7131,322348,711,36.0
7131,322348,712,36.0
7131,322348,713,36.0
7131,322348,714,36.0
7131,322348,715,36.0
7131,322348,716,35.9
7131,322348,717,35.9
7131,322348,718,35.9
7131,322348,719,35.9
7131,322348,720,35.8
7131,322348,721,35.8
7131,322348,722,35.8
7131,322348,723,35.8
7131,322348,724,35.8
7131,322348,725,35.7
7131,322348,726,35.7
7131,322348,727,35.7
7131,322348,728,35.7
7131,322348,729,35.7
7131,322348,730,35.7
7131,322348,731,35.7
7131,322348,732,35.7
7131,322348,733,35.7
7131,322348,734,35.6
7131,322348,735,35.6
7131,322348,736,35.6
7131,322348,737,35.6
7131,322348,738,35.5
7131,322348,739,35.5
7131,322348,740,35.5
7131,322348,741,35.5
7131,322348,742,35.4
7131,322348,743,35.5
7131,322348,744,35.4
7131,322348,745,35.4
7131,322348,746,35.4
7131,322348,747,35.3
7131,322348,748,35.3
7131,322348,749,35.3
7131,322348,750,35.3
7131,322348,751,35.3
7131,322348,752,35.2
7131,322348,753,35.2
7131,322348,754,35.2
7131,322348,755,35.2
7131,322348,756,35.1
7131,322348,757,35.1
7131,322348,758,35.1
7131,322348,759,35.1
7131,322348,760,35.0
7131,322348,761,35.0
7131,322348,762,35.0
7131,322348,763,35.0
7131,322348,764,35.0
7131,322348,765,35.0
7131,322348,766,34.9
7131,322348,767,34.9
7131,322348,768,34.9
7131,322348,769,34.9
7131,322348,770,34.8
7131,322348,771,34.8
7131,322348,772,34.8
7131,322348,773,34.8
7131,322348,774,34.8
7131,322348,775,34.7
7131,322348,776,34.7
7131,322348,777,34.7
7131,322348,778,34.7
7131,322348,779,34.7
7131,322348,780,34.6
7131,322348,781,34.7
7131,322348,782,34.6
7131,322348,783,34.7
7131,322348,784,34.6
7131,322348,785,34.6
7131,322348,786,34.6
7131,322348,787,34.6
7131,322348,788,34.6
7131,322348,789,34.5
7131,322348,790,34.5
7131,322348,791,34.5
7131,322348,792,34.4
7131,322348,793,34.4
7131,322348,794,34.4
7131,322348,795,34.4
7131,322348,796,34.4
7131,322348,797,34.3
7131,322348,798,34.4
7131,322348,799,34.3
7131,322348,800,34.3
7131,322348,801,34.3
7131,322348,802,34.3
7131,322348,803,34.3
7131,322348,804,34.3
7131,322348,805,34.3
7131,322348,806,34.3
7131,322348,807,34.2
7131,322348,808,34.2
7131,322348,809,34.2
7131,322348,810,34.2
7131,322348,811,34.2
7131,322348,812,34.1
7131,322348,813,34.1
7131,322348,814,34.1
7131,322348,815,34.1
7131,322348,816,34.0
7131,322348,817,34.0
7131,322348,818,34.0
7131,322348,819,34.0
7131,322348,820,34.0
7131,322348,821,33.9
7131,322348,822,33.9
7131,322348,823,33.9
7131,322348,824,33.9
7131,322348,825,33.8
7131,322348,826,33.8
7131,322348,827,33.8
7131,322348,828,33.7
7131,322348,829,33.7
7131,322348,830,33.7
7131,322348,831,33.7
7131,322348,832,33.7
7131,322348,833,33.8
7131,322348,834,33.7
7131,322348,835,33.7
7131,322348,836,33.7
7131,322348,837,33.7
7131,322348,838,33.6
7131,322348,839,33.6
7131,322348,840,33.6
7131,322348,841,33.6
7131,322348,842,33.5
7131,322348,843,33.5
7131,322348,844,33.5
7131,322348,845,33.5
7131,322348,846,33.5
7131,322348,847,33.4
7131,322348,848,33.4
7131,322348,849,33.4
7131,322348,850,33.3
7131,322348,851,33.4
7131,322348,852,33.4
7131,322348,853,33.3
7131,322348,854,33.3
7131,322348,855,33.3
7131,322348,856,33.3
7131,322348,857,33.3
7131,322348,858,33.2
7131,322348,859,33.2
7131,322348,860,33.2
7131,322348,861,33.2
7131,322348,862,33.2
7131,322348,863,33.1
7131,322348,864,33.1
7131,322348,865,33.1
7131,322348,866,33.0
7131,322348,867,33.0
7131,322348,868,33.0
7131,322348,869,33.0
7131,322348,870,33.0
7131,322348,871,33.0
7131,322348,872,33.0
7131,322348,873,33.0
7131,322348,874,32.9
7131,322348,875,33.0
7131,322348,876,32.9
7131,322348,877,32.8
7131,322348,878,32.8
7131,322348,879,32.8
7131,322348,880,32.8
7131,322348,881,32.8
7131,322348,882,32.8
7131,322348,883,32.7
7131,322348,884,32.7
7131,322348,885,32.7
7131,322348,886,32.8
7131,322348,887,32.8
7131,322348,888,32.7
7131,322348,889,32.7
7131,322348,890,32.7
7131,322348,891,32.7
7131,322348,892,32.7
7131,322348,893,32.6
7131,322348,894,32.6
7131,322348,895,32.6
7131,322348,896,32.5
7131,322348,897,32.5
7131,322348,898,32.5
7131,322348,899,32.5
7131,322348,900,32.5
7131,322348,901,32.5
7131,322348,902,32.5
7131,322348,903,32.4
7131,322348,904,32.4
7131,322348,905,32.4
7131,322348,906,32.4
7131,322348,907,32.4
7131,322348,908,32.3
7131,322348,909,32.3
7131,322348,910,32.3
7131,322348,911,32.3
7131,322348,912,32.3
7131,322348,913,32.2
7131,322348,914,32.2
7131,322348,915,32.2
7131,322348,916,32.2
7131,322348,917,32.2
7131,322348,918,30.0
7131,322348,919,31.3
7131,322348,920,28.4
7131,322348,921,32.1
7131,322348,922,32.1
7131,322348,923,32.1
7131,322348,924,32.2
7131,322348,925,32.2
7131,322348,926,32.1
7131,322348,927,32.1
7131,322348,928,32.1
7131,322348,929,32.1
7131,322348,930,32.0
7131,322348,931,32.0
7131,322348,932,32.0
7131,322348,933,31.9
7131,322348,934,32.0
7131,322348,935,32.0
7131,322348,936,31.9
7131,322348,937,31.9
7131,322348,938,31.9
7131,322348,939,31.9
7131,322348,940,31.8
7131,322348,941,31.9
7131,322348,942,31.9
7131,322348,943,31.9
7131,322348,944,31.8
7131,322348,945,31.9
7131,322348,946,31.8
7131,322348,947,31.8
7131,322348,948,31.8
7131,322348,949,31.8
7131,322348,950,31.8
7131,322348,951,31.8
7131,322348,952,31.7
7131,322348,953,31.7
7131,322348,954,31.7
7131,322348,955,31.7
7131,322348,956,31.6
7131,322348,957,31.6
7131,322348,958,31.6
7131,322348,959,31.6
7131,322348,960,31.6
7131,322348,961,31.6
7131,322348,962,31.5
7131,322348,963,31.5
7131,322348,964,31.5
7131,322348,965,31.5
7131,322348,966,31.5
7131,322348,967,31.4
7131,322348,968,31.4
7131,322348,969,31.4
7131,322348,970,31.5
7131,322348,971,31.4
7131,322348,972,31.4
7131,322348,973,31.3
7131,322348,974,31.3
7131,322348,975,31.3
7131,322348,976,31.3
7131,322348,977,31.3
7131,322348,978,31.2
7131,322348,979,31.2
7131,322348,980,31.2
7131,322348,981,31.2
7131,322348,982,31.2
7131,322348,983,31.1
7131,322348,984,31.1
7131,322348,985,31.1
7131,322348,986,31.1
7131,322348,987,31.0
7131,322348,988,31.0
7131,322348,989,31.0
7131,322348,990,31.0
7131,322348,991,31.0
7131,322348,992,31.0
7131,322348,993,30.9
7131,322348,994,30.9
7131,322348,995,31.0
7131,322348,996,31.0
7131,322348,997,31.0
7131,322348,998,30.9
7131,322348,999,30.9
7131,322348,1000,30.9
7131,322348,1001,30.9
7131,322348,1002,30.9
7131,322348,1003,30.9
7131,322348,1004,30.8
7131,322348,1005,30.8
7131,322348,1006,30.8
7131,322348,1007,30.8
7131,322348,1008,30.8
7131,322348,1009,30.7
7131,322348,1010,30.7
7131,322348,1011,30.7
7131,322348,1012,30.7
7131,322348,1013,30.7
7131,322348,1014,30.6
7131,322348,1015,30.6
7131,322348,1016,30.6
7131,322348,1017,30.6
7131,322348,1018,30.6
7131,322348,1019,30.5
7131,322348,1020,30.5
7131,322348,1021,30.5
7131,322348,1022,30.5
7131,322348,1023,30.5
7131,322348,1024,30.5
7131,322348,1025,30.4
7131,322348,1026,30.4
7131,322348,1027,30.4
7131,322348,1028,30.4
7131,322348,1029,30.4
7131,322348,1030,30.4
7131,322348,1031,30.3
7131,322348,1032,30.3
7131,322348,1033,30.3
7131,322348,1034,30.3
7131,322348,1035,30.3
7131,322348,1036,30.2
7131,322348,1037,30.2
7131,322348,1038,30.2
7131,322348,1039,30.2
7131,322348,1040,30.2
7131,322348,1041,30.1
7131,322348,1042,30.1
7131,322348,1043,30.1
7131,322348,1044,30.1
7131,322348,1045,30.1
7131,322348,1046,30.1
7131,322348,1047,30.0
7131,322348,1048,30.0
7131,322348,1049,30.0
7131,322348,1050,30.0
7131,322348,1051,30.0
7131,322348,1052,30.0
7131,322348,1053,30.0
7131,322348,1054,30.0
7131,322348,1055,30.0
7131,322348,1056,30.0
7131,322348,1057,30.0
7131,322348,1058,29.9
7131,322348,1059,29.9
7131,322348,1060,29.9
7131,322348,1061,29.9
7131,322348,1062,29.9
7131,322348,1063,29.8
7131,322348,1064,29.8
7131,322348,1065,29.8
7131,322348,1066,29.8
7131,322348,1067,29.8
7131,322348,1068,29.8
7131,322348,1069,29.7
7131,322348,1070,29.7
7131,322348,1071,29.7
7131,322348,1072,29.7
7131,322348,1073,29.7
7131,322348,1074,29.6
7131,322348,1075,29.6
7131,322348,1076,29.6
7131,322348,1077,29.6
7131,322348,1078,29.5
7131,322348,1079,29.6
7131,322348,1080,29.5
7131,322348,1081,29.5
7131,322348,1082,29.5
7131,322348,1083,29.5
7131,322348,1084,29.5
7131,322348,1085,29.5
7131,322348,1086,29.5
7131,322348,1087,29.4
7131,322348,1088,29.4
7131,322348,1089,29.4
7131,322348,1090,29.4
7131,322348,1091,29.4
7131,322348,1092,29.4
7131,322348,1093,29.3
7131,322348,1094,29.3
7131,322348,1095,29.3
7131,322348,1096,29.3
7131,322348,1097,29.2
7131,322348,1098,29.2
7131,322348,1099,29.2
7131,322348,1100,29.2
7131,322348,1101,29.2
7131,322348,1102,29.2
7131,322348,1103,29.1
7131,322348,1104,29.1
7131,322348,1105,29.1
7131,322348,1106,29.2
7131,322348,1107,29.2
7131,322348,1108,29.2
7131,322348,1109,29.1
7131,322348,1110,29.1
7131,322348,1111,29.1
7131,322348,1112,29.1
7131,322348,1113,29.1
7131,322348,1114,29.0
7131,322348,1115,29.0
7131,322348,1116,29.0
7131,322348,1117,29.0
7131,322348,1118,29.0
7131,322348,1119,28.9
7131,322348,1120,28.9
7131,322348,1121,28.9
7131,322348,1122,28.9
7131,322348,1123,28.9
7131,322348,1124,28.9
7131,322348,1125,28.9
7131,322348,1126,28.9
7131,322348,1127,28.8
7131,322348,1128,28.8
7131,322348,1129,28.8
7131,322348,1130,28.8
7131,322348,1131,28.8
7131,322348,1132,28.7
7131,322348,1133,28.7
7131,322348,1134,28.7
7131,322348,1135,28.7
7131,322348,1136,28.6
7131,322348,1137,28.7
7131,322348,1138,28.7
7131,322348,1139,28.6
7131,322348,1140,28.6
7131,322348,1141,28.6
7131,322348,1142,28.6
7131,322348,1143,28.6
7131,322348,1144,28.5
7131,322348,1145,28.5
7131,322348,1146,28.5
7131,322348,1147,28.5
7131,322348,1148,28.5
7131,322348,1149,28.5
7131,322348,1150,28.4
7131,322348,1151,28.4
7131,322348,1152,28.4
7131,322348,1153,28.4
7131,322348,1154,28.4
7131,322348,1155,28.4
7131,322348,1156,28.4
7131,322348,1157,28.3
7131,322348,1158,28.3
7131,322348,1159,28.3
7131,322348,1160,28.3
7131,322348,1161,28.3
7131,322348,1162,28.3
7131,322348,1163,28.2
7131,322348,1164,28.2
7131,322348,1165,28.2
7131,322348,1166,28.3
7131,322348,1167,28.3
7131,322348,1168,28.2
7131,322348,1169,28.2
7131,322348,1170,27.7
7131,322348,1171,27.8
7131,322348,1172,27.8
7131,322348,1173,27.7
7131,322348,1174,27.8
7131,322348,1175,27.7
7131,322348,1176,27.7
7131,322348,1177,27.7
7131,322348,1178,27.7
7131,322348,1179,27.7
7131,322348,1180,27.7
7131,322348,1181,27.6
7131,322348,1182,27.7
7131,322348,1183,27.6
7131,322348,1184,27.6
7131,322348,1185,27.6
7131,322348,1186,27.6
7131,322348,1187,27.6
7131,322348,1188,27.5
7131,322348,1189,27.5
7131,322348,1190,27.5
7131,322348,1191,27.5
7131,322348,1192,27.4
7131,322348,1193,27.4
7131,322348,1194,27.4
7131,322348,1195,27.4
7131,322348,1196,27.4
7131,322348,1197,27.4
7131,322348,1198,27.4
7131,322348,1199,27.3
7131,322348,1200,27.3
7131,322348,1201,27.3
7131,322348,1202,27.3
7131,322348,1203,27.3
7131,322348,1204,27.3
7131,322348,1205,27.2
7131,322348,1206,27.2
7131,322348,1207,27.2
7131,322348,1208,26.8
7131,322348,1209,26.9
7131,322348,1210,26.3
7131,322348,1211,26.2
7131,322348,1212,26.2
7131,322348,1213,26.2
7131,322348,1214,26.2
7131,322348,1215,26.1
7131,322348,1216,26.1
7131,322348,1217,26.1
7131,322348,1218,26.2
7131,322348,1219,26.1
7131,322348,1220,26.1
7131,322348,1221,24.5
7131,322348,1222,25.4
7131,322348,1223,23.7
7131,322348,1224,26.0
7131,322348,1225,26.0
7131,322348,1226,26.1
7131,322348,1227,26.1
7131,322348,1228,26.0
7131,322348,1229,26.0
7131,322348,1230,26.0
7131,322348,1231,26.0
7131,322348,1232,26.0
7131,322348,1233,26.0
7131,322348,1234,26.0
7131,322348,1235,26.0
7131,322348,1236,26.0
7131,322348,1237,26.0
7131,322348,1238,26.0
7131,322348,1239,25.9
7131,322348,1240,25.9
7131,322348,1241,25.9
7131,322348,1242,25.9
7131,322348,1243,25.9
7131,322348,1244,25.8
7131,322348,1245,25.8
7131,322348,1246,25.8
7131,322348,1247,25.8
7131,322348,1248,25.8
7131,322348,1249,25.8
7131,322348,1250,25.8
7131,322348,1251,25.8
7131,322348,1252,25.7
7131,322348,1253,25.7
7131,322348,1254,25.7
7131,322348,1255,25.7
7131,322348,1256,25.7
7131,322348,1257,25.7
7131,322348,1258,25.6
7131,322348,1259,25.6
7131,322348,1260,25.6
7131,322348,1261,25.6
7131,322348,1262,25.6
7131,322348,1263,25.6
7131,322348,1264,25.6
7131,322348,1265,25.6
7131,322348,1266,25.6
7131,322348,1267,25.5
7131,322348,1268,25.5
7131,322348,1269,25.5
7131,322348,1270,25.5
7131,322348,1271,25.5
7131,322348,1272,25.4
7131,322348,1273,25.4
7131,322348,1274,25.4
7131,322348,1275,25.4
7131,322348,1276,25.4
7131,322348,1277,25.4
7131,322348,1278,25.4
7131,322348,1279,25.4
7131,322348,1280,25.4
7131,322348,1281,25.4
7131,322348,1282,25.4
7131,322348,1283,25.4
7131,322348,1284,25.3
7131,322348,1285,25.3
7131,322348,1286,25.3
7131,322348,1287,25.3
7131,322348,1288,25.3
7131,322348,1289,25.3
7131,322348,1290,25.3
7131,322348,1291,25.2
7131,322348,1292,25.2
7131,322348,1293,25.2
7131,322348,1294,25.2
7131,322348,1295,25.2
7131,322348,1296,25.2
7131,322348,1297,25.1
7131,322348,1298,25.1
7131,322348,1299,25.1
7131,322348,1300,25.1
7131,322348,1301,25.1
7131,322348,1302,25.1
7131,322348,1303,25.1
7131,322348,1304,25.1
7131,322348,1305,25.0
7131,322348,1306,25.0
7131,322348,1307,25.0
7131,322348,1308,25.0
7131,322348,1309,25.0
7131,322348,1310,24.9
7131,322348,1311,25.0
7131,322348,1312,25.0
7131,322348,1313,24.9
7131,322348,1314,24.9
7131,322348,1315,24.9
7131,322348,1316,24.9
7131,322348,1317,24.9
7131,322348,1318,24.9
7131,322348,1319,24.8
7131,322348,1320,24.8
7131,322348,1321,24.8
7131,322348,1322,24.8
7131,322348,1323,24.8
7131,322348,1324,24.8
7131,322348,1325,24.7
7131,322348,1326,24.7
7131,322348,1327,24.7
7131,322348,1328,24.7
7131,322348,1329,24.6
7131,322348,1330,24.7
7131,322348,1331,24.7
7131,322348,1332,24.6
7131,322348,1333,24.6
7131,322348,1334,24.6
7131,322348,1335,24.6
7131,322348,1336,24.7
7131,322348,1337,24.7
7131,322348,1338,24.6
7131,322348,1339,24.6
7131,322348,1340,24.6
7131,322348,1341,24.6
7131,322348,1342,24.6
7131,322348,1343,24.6
7131,322348,1344,24.5
7131,322348,1345,24.6
7131,322348,1346,24.5
7131,322348,1347,24.5
7131,322348,1348,24.5
7131,322348,1349,24.5
7131,322348,1350,24.4
7131,322348,1351,24.4
7131,322348,1352,24.4
7131,322348,1353,24.4
7131,322348,1354,24.4
7131,322348,1355,24.4
7131,322348,1356,24.4
7131,322348,1357,24.4
7131,322348,1358,24.3
7131,322348,1359,24.3
7131,322348,1360,24.3
7131,322348,1361,24.3
7131,322348,1362,24.3
7131,322348,1363,24.3
7131,322348,1364,24.3
7131,322348,1365,24.2
7131,322348,1366,24.2
7131,322348,1367,24.2
7131,322348,1368,24.2
7131,322348,1369,24.2
7131,322348,1370,24.2
7131,322348,1371,24.1
7131,322348,1372,24.1
7131,322348,1373,24.1
7131,322348,1374,24.1
7131,322348,1375,24.1
7131,322348,1376,24.1
7131,322348,1377,24.1
7131,322348,1378,24.0
7131,322348,1379,24.1
7131,322348,1380,24.0
7131,322348,1381,23.9
7131,322348,1382,24.0
7131,322348,1383,24.0
7131,322348,1384,24.0
7131,322348,1385,24.0
7131,322348,1386,23.9
7131,322348,1387,23.9
7131,322348,1388,23.9
7131,322348,1389,23.9
7131,322348,1390,23.9
7131,322348,1391,23.9
7131,322348,1392,23.9
7131,322348,1393,23.9
7131,322348,1394,23.9
7131,322348,1395,23.9
7131,322348,1396,23.8
7131,322348,1397,23.9
7131,322348,1398,23.9
7131,322348,1399,23.9
7131,322348,1400,23.8
7131,322348,1401,23.8
7131,322348,1402,23.8
7131,322348,1403,24.0
7131,322348,1404,25.1
7131,322348,1405,25.5
7131,322348,1406,25.5
7131,322348,1407,25.5
7131,322348,1408,24.5
7131,322348,1409,24.0
7131,322348,1410,22.5
7131,322348,1411,25.3
7131,322348,1412,25.4
7131,322348,1413,25.5
7131,322348,1414,25.4
7131,322348,1415,25.3
7131,322348,1416,25.3
7131,322348,1417,25.3
7131,322348,1418,25.3
7131,322348,1419,25.2
7131,322348,1420,25.3
7131,322348,1421,25.3
7131,322348,1422,25.2
7131,322348,1423,25.2
7131,322348,1424,25.1
7131,322348,1425,25.2
7131,322348,1426,25.1
7131,322348,1427,25.1
7131,322348,1428,25.1
7131,322348,1429,25.1
7131,322348,1430,25.1
7131,322348,1431,25.1
7131,322348,1432,25.0
7131,322348,1433,25.0
7131,322348,1434,25.0
7131,322348,1435,25.0
7131,322348,1436,25.0
7131,322348,1437,24.9
7131,322348,1438,24.9
7131,322348,1439,24.9
7131,322348,1440,24.9
7131,322348,1441,24.8
7131,322348,1442,24.8
7131,322348,1443,24.8
7131,322348,1444,24.8
7131,322348,1445,24.8
7131,322348,1446,24.8
7131,322348,1447,24.8
7131,322348,1448,24.8
7131,322348,1449,24.7
7131,322348,1450,24.7
7131,322348,1451,24.7
7131,322348,1452,24.7
7131,322348,1453,24.6
7131,322348,1454,24.6
7131,322348,1455,24.6
7131,322348,1456,24.6
7131,322348,1457,24.6
7131,322348,1458,24.6
7131,322348,1459,24.5
7131,322348,1460,24.5
7131,322348,1461,24.5
7131,322348,1462,24.5
7131,322348,1463,24.5
7131,322348,1464,24.5
7131,322348,1465,24.5
7131,322348,1466,24.4
7131,322348,1467,24.4
7131,322348,1468,24.4
7131,322348,1469,24.4
7131,322348,1470,24.4
7131,322348,1471,24.3
7131,322348,1472,24.3
7131,322348,1473,24.3
7131,322348,1474,24.3
7131,322348,1475,24.3
7131,322348,1476,24.3
7131,322348,1477,24.2
7131,322348,1478,24.2
7131,322348,1479,24.2
7131,322348,1480,24.2
7131,322348,1481,24.2
7131,322348,1482,24.2
7131,322348,1483,24.2
7131,322348,1484,24.1
7131,322348,1485,24.1
7131,322348,1486,24.1
7131,322348,1487,24.0
7131,322348,1488,24.1
7131,322348,1489,24.1
7131,322348,1490,24.0
7131,322348,1491,24.0
7131,322348,1492,24.0
7131,322348,1493,24.0
7131,322348,1494,24.0
7131,322348,1495,23.9
7131,322348,1496,23.9
7131,322348,1497,23.9
7131,322348,1498,23.9
7131,322348,1499,23.8
7131,322348,1500,23.8
7131,322348,1501,23.8
7131,322348,1502,23.8
7131,322348,1503,23.8
7131,322348,1504,23.8
7131,322348,1505,23.7
7358,325308,41,103.0
7358,325308,42,103.0
7358,325308,43,102.9
7358,325308,44,102.9
7358,325308,45,102.8
7358,325308,46,102.7
7358,325308,47,102.7
7358,325308,48,102.7
7358,325308,49,102.6
7358,325308,50,102.6
7358,325308,51,102.5
7358,325308,52,102.5
7358,325308,53,102.4
7358,325308,54,102.4
7358,325308,55,102.3
7358,325308,56,102.4
7358,325308,57,102.3
7358,325308,58,102.2
7358,325308,59,102.1
7358,325308,60,102.1
7358,325308,61,103.1
7358,325308,62,103.2
7358,325308,63,103.7
7358,325308,64,103.7
7358,325308,65,103.6
7358,325308,66,103.7
7358,325308,67,103.6
7358,325308,68,103.7
7358,325308,69,103.8
7358,325308,70,103.7
7358,325308,71,103.6
7358,325308,72,103.9
7358,325308,73,104.0
7358,325308,74,103.6
7358,325308,75,103.7
7358,325308,76,103.6
7358,325308,77,103.3
7358,325308,78,103.4
7358,325308,79,103.5
7358,325308,80,103.3
7358,325308,81,103.1
7358,325308,82,102.9
7358,325308,83,102.8
7358,325308,84,102.7
7358,325308,85,102.5
7358,325308,86,102.5
7358,325308,87,102.5
7358,325308,88,102.5
7358,325308,89,102.4
7358,325308,90,102.4
7358,325308,91,102.4
7358,325308,92,102.3
7358,325308,93,102.4
7358,325308,94,96.6
7358,325308,95,107.8
7358,325308,96,101.9
7358,325308,97,108.1
7358,325308,98,108.0
7358,325308,99,107.9
7358,325308,100,107.8
7358,325308,101,107.8
7358,325308,102,107.8
7358,325308,103,107.7
7358,325308,104,107.6
7358,325308,105,107.6
7358,325308,106,107.5
7358,325308,107,107.5
7358,325308,108,107.4
7358,325308,109,107.3
7358,325308,110,107.3
7358,325308,111,107.2
7358,325308,112,107.2
7358,325308,113,107.1
7358,325308,114,107.0
7358,325308,115,107.0
7358,325308,116,107.0
7358,325308,117,106.9
7358,325308,118,106.8
7358,325308,119,106.8
7358,325308,120,106.8
7358,325308,121,106.7
7358,325308,122,106.6
7358,325308,123,106.5
7358,325308,124,106.5
7358,325308,125,106.4
7358,325308,126,106.4
7358,325308,127,106.4
7358,325308,128,106.2
7358,325308,129,106.2
7358,325308,130,106.0
7358,325308,131,106.0
7358,325308,132,105.9
7358,325308,133,105.9
7358,325308,134,105.8
7358,325308,135,105.8
7358,325308,136,105.8
7358,325308,137,105.6
7358,325308,138,105.6
7358,325308,139,105.5
7358,325308,140,105.5
7358,325308,141,105.5
7358,325308,142,105.3
7358,325308,143,105.3
7358,325308,144,105.2
7358,325308,145,105.1
7358,325308,146,105.0
7358,325308,147,105.0
7358,325308,148,104.9
7358,325308,149,104.8
7358,325308,150,104.8
7358,325308,151,104.7
7358,325308,152,104.6
7358,325308,153,104.5
7358,325308,154,104.5
7358,325308,155,104.3
7358,325308,156,104.3
7358,325308,157,104.2
7358,325308,158,104.2
7358,325308,159,104.1
7358,325308,160,103.9
7358,325308,161,104.0
7358,325308,162,103.9
7358,325308,163,103.7
7358,325308,164,103.7
7358,325308,165,103.7
7358,325308,166,103.5
7358,325308,167,103.5
7358,325308,168,103.4
7358,325308,169,103.4
7358,325308,170,103.3
7358,325308,171,103.2
7358,325308,172,103.2
7358,325308,173,103.1
7358,325308,174,103.0
7358,325308,175,103.0
7358,325308,176,102.8
7358,325308,177,102.8
7358,325308,178,102.7
7358,325308,179,102.5
7358,325308,180,102.6
7358,325308,181,102.5
7358,325308,182,102.4
7358,325309,1,102.4
7358,325309,2,102.4
7358,325309,3,102.4
7358,325309,4,102.3
7358,325309,5,102.1
7358,325309,6,102.2
7358,325309,7,102.0
7358,325309,8,102.1
7358,325309,9,101.9
7358,325309,10,101.9
7358,325309,11,101.9
7358,325309,12,99.1
7358,325309,13,88.8
7358,325309,14,88.8
7358,325309,15,88.6
7358,325309,16,74.5
7358,325309,17,74.4
7358,325309,18,74.5
7358,325309,19,74.6
7358,325309,20,59.8
7358,325309,21,59.4
7358,325309,22,59.4
7358,325309,23,59.2
7358,325309,24,59.2
7358,325309,25,44.2
7358,325309,26,44.1
7358,325309,27,44.2
7358,325309,28,44.3
7358,325309,29,44.6
7358,325309,30,28.9
7358,325309,31,28.9
7358,325309,32,29.1
7358,325309,33,29.0
7358,325309,34,29.1
7358,325309,35,29.1
7358,325309,36,29.2
7358,325309,37,92.6
7358,325309,38,100.7
7358,325309,39,100.7
7358,325309,40,100.5
7358,325309,41,96.0
7358,325309,42,96.8
7358,325309,43,98.9
7358,325309,44,100.1
7358,325309,45,100.0
7358,325309,46,100.0
7358,325309,47,99.8
7358,325309,48,99.8
7358,325309,49,99.7
7358,325309,50,99.6
7358,325309,51,99.6
7358,325310,1,83.6
7358,325310,2,99.5
7358,325310,3,99.4
7358,325310,4,99.3
7358,325310,5,99.3
7358,325310,6,99.3
7358,325310,7,99.2
7358,325310,8,99.2
7358,325310,9,99.1
7358,325310,10,99.1
7358,325310,11,99.1
7358,325310,12,99.1
7358,325310,13,99.0
7358,325310,14,99.1
7358,325310,15,99.0
7358,325310,16,99.0
7358,325310,17,99.0
7358,325310,18,99.0
7358,325310,19,98.9
7358,325310,20,98.9
7358,325310,21,98.9
7358,325310,22,98.8
7358,325310,23,98.9
7358,325310,24,98.9
7358,325310,25,98.9
7358,325310,26,98.8
7358,325310,27,98.8
7358,325310,28,98.7
7358,325310,29,98.8
7358,325310,30,98.8
7358,325310,31,98.7
7358,325310,32,98.7
7358,325310,33,98.6
7358,325310,34,98.6
7358,325310,35,98.6
7358,325310,36,98.6
7358,325310,37,98.5
7358,325310,38,98.6
7358,325310,39,98.5
7358,325310,40,98.4
7358,325310,41,98.3
7358,325310,42,98.2
7358,325310,43,98.3
7358,325310,44,98.3
7358,325310,45,98.3
7358,325310,46,98.2
7358,325310,47,98.0
7358,325310,48,98.1
7358,325310,49,98.1
7358,325310,50,98.1
7358,325310,51,98.0
7358,325310,52,98.1
7358,325310,53,98.1
7358,325310,54,98.1
7358,325310,55,98.1
7358,325310,56,98.1
7358,325310,57,98.0
7358,325310,58,98.0
7358,325310,59,98.0
7358,325310,60,98.0
7358,325310,61,97.9
7358,325310,62,97.9
7358,325310,63,97.8
7358,325310,64,97.8
7358,325310,65,97.8
7358,325310,66,97.8
7358,325310,67,97.8
7358,325310,68,97.8
7358,325310,69,97.7
7358,325310,70,97.7
7358,325310,71,97.6
7358,325310,72,97.6
7358,325310,73,97.6
7358,325310,74,97.6
7358,325310,75,97.6
7358,325310,76,97.6
7358,325310,77,97.6
7358,325310,78,97.5
7358,325310,79,97.5
7358,325310,80,97.5
7358,325310,81,97.5
7358,325310,82,97.4
7358,325310,83,97.4
7358,325310,84,97.4
7358,325310,85,97.3
7358,325310,86,97.3
7358,325310,87,97.3
7358,325310,88,97.2
7358,325310,89,97.2
7358,325310,90,97.1
7358,325310,91,97.1
7358,325310,92,97.1
7358,325310,93,97.0
7358,325310,94,96.9
7358,325310,95,96.9
7358,325310,96,96.9
7358,325310,97,96.9
7358,325310,98,96.9
7358,325310,99,97.0
7358,325310,100,96.6
7358,325310,101,96.5
7358,325310,102,96.5
7358,325310,103,96.5
7358,325310,104,96.4
7358,325310,105,96.4
7358,325310,106,96.3
7358,325310,107,96.3
7358,325310,108,96.2
7358,325310,109,96.2
7358,325310,110,90.7
7358,325310,111,94.3
7358,325310,112,91.1
7358,325310,113,90.3
7358,325310,114,96.0
7358,325310,115,96.2
7358,325310,116,96.1
7358,325310,117,16.3
7358,325310,118,57.4
7358,325310,119,83.9
7358,325310,120,85.8
7358,325310,121,59.7
7358,325310,122,13.5
7358,325310,123,91.1
7358,325310,124,40.7
7358,325310,125,65.7
7358,325310,126,95.7
7358,325310,127,87.1
7358,325310,128,41.5
7358,325310,129,30.2
7358,325310,130,95.6
7358,325310,131,95.6
7358,325310,132,95.5
7358,325310,133,95.5
7358,325310,134,95.5
7358,325310,135,95.4
7358,325310,136,95.4
7358,325310,137,95.3
7358,325310,138,95.3
7358,325310,139,95.2
7358,325310,140,95.1
7358,325310,141,95.1
7358,325310,142,95.0
7358,325310,143,95.0
7358,325310,144,94.9
7358,325310,145,94.8
