#fill,run,LS,PU
11230, 20, 398683, 7
11230, 21, 398683, 7
11230, 22, 398683, 7
11230, 23, 398683, 7
11230, 24, 398683, 7
11230, 25, 398683, 7
11230, 26, 398683, 7
11230, 27, 398683, 7
11230, 28, 398683, 7
11230, 29, 398683, 7
11230, 30, 398683, 7
11230, 31, 398683, 7
11230, 32, 398683, 7
11230, 33, 398683, 7
11230, 34, 398683, 7
11230, 35, 398683, 7
11230, 36, 398683, 7
11230, 37, 398683, 7
11230, 38, 398683, 7
11230, 39, 398683, 7
11230, 40, 398683, 7
11230, 41, 398683, 7
11230, 42, 398683, 7
11230, 43, 398683, 7
11230, 44, 398683, 7
11230, 45, 398683, 7
11230, 46, 398683, 7
11230, 47, 398683, 7
11230, 48, 398683, 7
11230, 49, 398683, 7
11230, 50, 398683, 7
11230, 51, 398683, 7
11230, 52, 398683, 7
11230, 53, 398683, 7
11230, 54, 398683, 7
11230, 55, 398683, 7
11230, 56, 398683, 7
11230, 57, 398683, 7
11230, 58, 398683, 7
11230, 59, 398683, 7
11230, 60, 398683, 7
11230, 61, 398683, 7
11230, 62, 398683, 7
11230, 63, 398683, 7
11230, 64, 398683, 7
11230, 65, 398683, 7
11230, 66, 398683, 7
11230, 67, 398683, 7
11230, 68, 398683, 7
11230, 69, 398683, 7
11230, 70, 398683, 7
11230, 71, 398683, 7
11230, 72, 398683, 7
11230, 73, 398683, 7
11230, 74, 398683, 7
11230, 75, 398683, 7
11230, 76, 398683, 7
11230, 77, 398683, 7
11230, 78, 398683, 7
11230, 79, 398683, 7
11230, 80, 398683, 7
11230, 81, 398683, 7
11230, 82, 398683, 7
11230, 83, 398683, 7
11230, 84, 398683, 7
11230, 85, 398683, 7
11230, 86, 398683, 7
11230, 87, 398683, 7
11230, 88, 398683, 7
11230, 89, 398683, 7
11230, 90, 398683, 7
11230, 91, 398683, 7
11230, 92, 398683, 7
11230, 93, 398683, 7
11230, 94, 398683, 7
11230, 95, 398683, 7
11230, 96, 398683, 7
11230, 97, 398683, 7
11230, 98, 398683, 7
11230, 99, 398683, 7
11230, 100, 398683, 7
11230, 101, 398683, 7
11230, 102, 398683, 7
11230, 103, 398683, 7
11230, 104, 398683, 7
11230, 105, 398683, 7
11230, 106, 398683, 7
11230, 107, 398683, 7
11230, 108, 398683, 7
11230, 109, 398683, 7
11230, 110, 398683, 7
11230, 111, 398683, 7
11230, 112, 398683, 7
11230, 113, 398683, 7
11230, 114, 398683, 7
11230, 115, 398683, 7
11230, 116, 398683, 7
11230, 117, 398683, 7
11230, 118, 398683, 7
11230, 119, 398683, 7
11230, 120, 398683, 7
11230, 121, 398683, 7
11230, 122, 398683, 7
11230, 123, 398683, 7
11230, 124, 398683, 7
11230, 125, 398683, 7
11230, 126, 398683, 7
11230, 127, 398683, 7
11230, 128, 398683, 7
11230, 129, 398683, 7
11230, 130, 398683, 7
11230, 131, 398683, 7
11230, 132, 398683, 7
11230, 133, 398683, 7
11230, 134, 398683, 7
11230, 135, 398683, 7
11230, 136, 398683, 7
11230, 137, 398683, 7
11230, 138, 398683, 7
11230, 139, 398683, 7
11230, 140, 398683, 7
11230, 141, 398683, 7
11230, 142, 398683, 7
11230, 143, 398683, 7
11230, 144, 398683, 7
11230, 145, 398683, 7
11230, 146, 398683, 7
11230, 147, 398683, 7
11230, 148, 398683, 7
11230, 149, 398683, 7
11230, 150, 398683, 7
11230, 151, 398683, 7
11230, 152, 398683, 7
11230, 153, 398683, 7
11230, 154, 398683, 7
11230, 155, 398683, 7
11230, 156, 398683, 7
11230, 157, 398683, 7
11230, 158, 398683, 7
11230, 159, 398683, 7
11230, 160, 398683, 7
11230, 161, 398683, 7
11230, 162, 398683, 7
11230, 163, 398683, 7
11230, 164, 398683, 7
11230, 165, 398683, 7
11230, 166, 398683, 7
11230, 167, 398683, 7
11230, 168, 398683, 7
11230, 169, 398683, 7
11230, 170, 398683, 7
11230, 171, 398683, 7
11230, 172, 398683, 7
11230, 173, 398683, 7
11230, 174, 398683, 7
11230, 175, 398683, 7
11230, 176, 398683, 7
11230, 177, 398683, 7
11230, 178, 398683, 7
11230, 179, 398683, 7
11230, 180, 398683, 7
11230, 181, 398683, 7
11230, 182, 398683, 7
11230, 183, 398683, 7
11230, 184, 398683, 7
11230, 185, 398683, 7
11230, 186, 398683, 7
11230, 187, 398683, 7
11230, 188, 398683, 7
11230, 189, 398683, 7
11230, 190, 398683, 7
11230, 191, 398683, 7
11230, 192, 398683, 7
11230, 193, 398683, 7
11230, 194, 398683, 7
11230, 195, 398683, 7
11230, 196, 398683, 7
11230, 197, 398683, 7
11230, 198, 398683, 7
11230, 199, 398683, 7
11230, 200, 398683, 7
11230, 201, 398683, 7
11230, 202, 398683, 7
11230, 203, 398683, 7
11230, 204, 398683, 7
11230, 205, 398683, 7
11230, 206, 398683, 7
11230, 207, 398683, 7
11230, 208, 398683, 7
11230, 209, 398683, 7
11230, 210, 398683, 7
11230, 211, 398683, 7
11230, 212, 398683, 7
11230, 213, 398683, 7
11230, 214, 398683, 7
11230, 215, 398683, 7
11230, 216, 398683, 7
11230, 217, 398683, 7
11230, 218, 398683, 7
11230, 219, 398683, 7
11230, 220, 398683, 7
11230, 221, 398683, 7
11230, 222, 398683, 7
11230, 223, 398683, 7
11230, 224, 398683, 7
11230, 225, 398683, 7
11230, 226, 398683, 7
11230, 227, 398683, 7
11230, 228, 398683, 7
11230, 229, 398683, 7
11230, 230, 398683, 7
11230, 231, 398683, 7
11230, 232, 398683, 7
11230, 233, 398683, 7
11230, 234, 398683, 7
11230, 235, 398683, 7
11230, 236, 398683, 7
11230, 237, 398683, 7
11230, 238, 398683, 7
11230, 239, 398683, 7
11230, 240, 398683, 7
11230, 241, 398683, 7
11230, 242, 398683, 7
11230, 243, 398683, 7
11230, 244, 398683, 7
11230, 245, 398683, 7
11230, 246, 398683, 7
11230, 247, 398683, 7
11230, 248, 398683, 7
11230, 249, 398683, 7
11230, 250, 398683, 7
11230, 251, 398683, 7
11230, 252, 398683, 7
11230, 253, 398683, 7
11230, 254, 398683, 7
11230, 255, 398683, 7
11230, 256, 398683, 7
11230, 257, 398683, 7
11230, 258, 398683, 7
11230, 259, 398683, 7
11230, 260, 398683, 7
11230, 261, 398683, 7
11230, 262, 398683, 7
11230, 263, 398683, 7
11230, 264, 398683, 7
11230, 265, 398683, 7
11230, 266, 398683, 7
11230, 267, 398683, 7
11230, 268, 398683, 7
11230, 269, 398683, 7
11230, 270, 398683, 7
11230, 271, 398683, 7
11230, 272, 398683, 7
11230, 273, 398683, 7
11230, 274, 398683, 7
11230, 275, 398683, 7
11230, 276, 398683, 7
11230, 277, 398683, 7
11230, 278, 398683, 7
11230, 279, 398683, 7
11230, 280, 398683, 7
11230, 281, 398683, 7
11230, 282, 398683, 7
11230, 283, 398683, 7
11230, 284, 398683, 7
11230, 285, 398683, 7
11230, 286, 398683, 7
11230, 287, 398683, 7
11230, 288, 398683, 7
11230, 289, 398683, 7
11230, 290, 398683, 7
11230, 291, 398683, 7
11230, 292, 398683, 7
11230, 293, 398683, 7
11230, 294, 398683, 7
11230, 295, 398683, 7
11230, 296, 398683, 7
11230, 297, 398683, 7
11230, 298, 398683, 7
11230, 299, 398683, 7
11230, 300, 398683, 7
11230, 301, 398683, 7
11230, 302, 398683, 7
11230, 303, 398683, 7
11230, 304, 398683, 7
11230, 305, 398683, 7
11230, 306, 398683, 7
11230, 307, 398683, 7
11230, 308, 398683, 7
11230, 309, 398683, 7
11230, 310, 398683, 7
11230, 311, 398683, 7
11230, 312, 398683, 7
11230, 313, 398683, 7
11230, 314, 398683, 7
11230, 315, 398683, 7
11230, 316, 398683, 7
11230, 317, 398683, 7
11230, 318, 398683, 7
11230, 319, 398683, 7
11230, 320, 398683, 7
11230, 321, 398683, 7
11230, 322, 398683, 7
11230, 323, 398683, 7
11230, 324, 398683, 7
11230, 325, 398683, 7
11230, 326, 398683, 7
11230, 327, 398683, 7
11230, 328, 398683, 7
11230, 329, 398683, 7
11230, 330, 398683, 7
11230, 331, 398683, 7
11230, 332, 398683, 7
11230, 333, 398683, 7
11230, 334, 398683, 7
11230, 335, 398683, 7
11230, 336, 398683, 7
11230, 337, 398683, 7
11230, 338, 398683, 7
11230, 339, 398683, 7
11230, 340, 398683, 7
11230, 341, 398683, 7
11230, 342, 398683, 7
11230, 343, 398683, 7
11230, 344, 398683, 7
11230, 345, 398683, 7
11230, 346, 398683, 7
11230, 347, 398683, 7
11230, 348, 398683, 7
11230, 349, 398683, 7
11230, 350, 398683, 7
11230, 351, 398683, 7
11230, 352, 398683, 7
11230, 353, 398683, 7
11230, 354, 398683, 7
11230, 355, 398683, 7
11230, 356, 398683, 7
11230, 357, 398683, 7
11230, 358, 398683, 7
11230, 359, 398683, 7
11230, 360, 398683, 7
11230, 361, 398683, 7
11230, 362, 398683, 7
11230, 363, 398683, 7
11230, 364, 398683, 7
11230, 365, 398683, 7
11230, 366, 398683, 7
11230, 367, 398683, 7
11230, 368, 398683, 7
11230, 369, 398683, 7
11230, 370, 398683, 7
11230, 371, 398683, 7
11230, 372, 398683, 7
11230, 373, 398683, 7
11230, 374, 398683, 7
11230, 375, 398683, 7
11230, 376, 398683, 7
11230, 377, 398683, 7
11230, 378, 398683, 7
11230, 379, 398683, 7
11230, 380, 398683, 7
11230, 381, 398683, 7
11230, 382, 398683, 7
11230, 383, 398683, 7
11230, 384, 398683, 7
11230, 385, 398683, 7
11230, 386, 398683, 7
11230, 387, 398683, 7
11230, 388, 398683, 7
11230, 389, 398683, 7
11230, 390, 398683, 7
11230, 391, 398683, 7
11230, 392, 398683, 7
11230, 393, 398683, 7
11230, 394, 398683, 7
11230, 395, 398683, 7
11230, 396, 398683, 7
11230, 397, 398683, 7
11230, 398, 398683, 7
11230, 399, 398683, 7
11230, 400, 398683, 7
11230, 401, 398683, 7
11230, 402, 398683, 7
11230, 403, 398683, 7
11230, 404, 398683, 7
11230, 405, 398683, 7
11230, 406, 398683, 7
11230, 407, 398683, 7
11230, 408, 398683, 7
11230, 409, 398683, 7
11230, 410, 398683, 7
11230, 411, 398683, 7
11230, 412, 398683, 7
11230, 413, 398683, 7
11230, 414, 398683, 7
11230, 415, 398683, 7
11230, 416, 398683, 7
11230, 417, 398683, 7
11230, 418, 398683, 7
11230, 419, 398683, 7
11230, 420, 398683, 7
11230, 421, 398683, 7
11230, 422, 398683, 7
11230, 423, 398683, 7
11230, 424, 398683, 7
11230, 425, 398683, 7
11230, 426, 398683, 7
11230, 427, 398683, 7
11230, 428, 398683, 7
11230, 429, 398683, 7
11230, 430, 398683, 7
11230, 431, 398683, 7
11230, 432, 398683, 7
11230, 433, 398683, 7
11230, 434, 398683, 7
11230, 435, 398683, 7
11230, 436, 398683, 7
11230, 437, 398683, 7
11230, 438, 398683, 7
11230, 439, 398683, 7
11230, 440, 398683, 7
11230, 441, 398683, 7
11230, 442, 398683, 7
11230, 443, 398683, 7
11230, 444, 398683, 7
11230, 445, 398683, 7
11230, 446, 398683, 7
11230, 447, 398683, 7
11230, 448, 398683, 7
11230, 449, 398683, 7
11230, 450, 398683, 7
11230, 451, 398683, 7
11230, 452, 398683, 7
11230, 453, 398683, 7
11230, 454, 398683, 7
11230, 455, 398683, 7
11230, 456, 398683, 7
11230, 457, 398683, 7
11230, 458, 398683, 7
11230, 459, 398683, 7
11230, 460, 398683, 7
11230, 461, 398683, 7
11230, 462, 398683, 7
11230, 463, 398683, 7
11230, 464, 398683, 7
11230, 465, 398683, 7
11230, 466, 398683, 7
11230, 467, 398683, 7
11230, 468, 398683, 7
11230, 469, 398683, 7
11230, 470, 398683, 7
11230, 471, 398683, 7
11230, 472, 398683, 7
11230, 473, 398683, 7
11230, 474, 398683, 7
11230, 475, 398683, 7
11230, 476, 398683, 7
11230, 477, 398683, 7
11230, 478, 398683, 7
11230, 479, 398683, 7
11230, 480, 398683, 7
11230, 481, 398683, 7
11230, 482, 398683, 7
11230, 483, 398683, 7
11230, 484, 398683, 7
11230, 485, 398683, 7
11230, 486, 398683, 7
11230, 487, 398683, 7
11230, 488, 398683, 7
11230, 489, 398683, 7
11230, 490, 398683, 7
11230, 491, 398683, 7
11230, 492, 398683, 7
11230, 493, 398683, 7
11230, 494, 398683, 7
11230, 495, 398683, 7
11230, 496, 398683, 7
11230, 497, 398683, 7
11230, 498, 398683, 7
11230, 499, 398683, 7
11230, 500, 398683, 7
11230, 501, 398683, 7
11230, 502, 398683, 7
11230, 503, 398683, 7
11230, 504, 398683, 7
11230, 505, 398683, 7
11230, 506, 398683, 7
11230, 507, 398683, 7
11230, 508, 398683, 7
11230, 509, 398683, 7
11230, 510, 398683, 7
11230, 511, 398683, 7
11230, 512, 398683, 7
11230, 513, 398683, 7
11230, 514, 398683, 7
11230, 515, 398683, 7
11230, 516, 398683, 7
11230, 517, 398683, 7
11230, 518, 398683, 7
11230, 519, 398683, 7
11230, 520, 398683, 7
11230, 521, 398683, 7
11230, 522, 398683, 7
11230, 523, 398683, 7
11230, 524, 398683, 7
11230, 525, 398683, 7
11230, 526, 398683, 7
11230, 527, 398683, 7
11230, 528, 398683, 7
11230, 529, 398683, 7
11230, 530, 398683, 7
11230, 531, 398683, 7
11230, 532, 398683, 7
11230, 533, 398683, 7
11230, 534, 398683, 7
11230, 535, 398683, 7
11230, 536, 398683, 7
11230, 537, 398683, 7
11230, 538, 398683, 7
11230, 539, 398683, 7
11230, 540, 398683, 7
11230, 541, 398683, 7
11230, 542, 398683, 7
11230, 543, 398683, 7
11230, 544, 398683, 7
11230, 545, 398683, 7
11230, 546, 398683, 7
11230, 547, 398683, 7
11230, 548, 398683, 7
11230, 549, 398683, 7
11230, 550, 398683, 7
11230, 551, 398683, 7
11230, 552, 398683, 7
11230, 553, 398683, 7
11230, 554, 398683, 7
11230, 555, 398683, 7
11230, 556, 398683, 7
11230, 557, 398683, 7
11230, 558, 398683, 7
11230, 559, 398683, 7
11230, 560, 398683, 7
11230, 561, 398683, 7
11230, 562, 398683, 7
11230, 563, 398683, 7
11230, 564, 398683, 7
11230, 565, 398683, 7
11230, 566, 398683, 7
11230, 567, 398683, 7
11230, 568, 398683, 7
11230, 569, 398683, 7
11230, 570, 398683, 7
11230, 571, 398683, 7
11230, 572, 398683, 7
11230, 573, 398683, 7
11230, 574, 398683, 7
11230, 575, 398683, 7
11230, 576, 398683, 7
11230, 577, 398683, 7
11230, 578, 398683, 7
11230, 579, 398683, 7
11230, 580, 398683, 7
11230, 581, 398683, 7
11230, 582, 398683, 7
11230, 583, 398683, 7
11230, 584, 398683, 7
11230, 585, 398683, 7
11230, 586, 398683, 7
11230, 587, 398683, 7
11230, 588, 398683, 7
11230, 589, 398683, 7
11230, 590, 398683, 7
11230, 591, 398683, 7
11230, 592, 398683, 7
11230, 593, 398683, 7
11230, 594, 398683, 7
11230, 595, 398683, 7
11230, 596, 398683, 7
11230, 597, 398683, 7
11230, 598, 398683, 7
11230, 599, 398683, 7
11230, 600, 398683, 7
11230, 601, 398683, 7
11230, 602, 398683, 7
11230, 603, 398683, 7
11230, 604, 398683, 7
11230, 605, 398683, 7
11230, 606, 398683, 7
11230, 607, 398683, 7
11230, 608, 398683, 7
11230, 609, 398683, 7
11230, 610, 398683, 7
11230, 611, 398683, 7
11230, 612, 398683, 7
11230, 613, 398683, 7
11230, 614, 398683, 7
11230, 615, 398683, 7
11230, 616, 398683, 7
11230, 617, 398683, 7
11230, 618, 398683, 7
11230, 619, 398683, 7
11230, 620, 398683, 7
11230, 621, 398683, 7
11230, 622, 398683, 7
11230, 623, 398683, 7
11230, 624, 398683, 7
11230, 625, 398683, 7
11230, 626, 398683, 7
11230, 627, 398683, 7
11230, 628, 398683, 7
11230, 629, 398683, 7
11230, 630, 398683, 7
11230, 631, 398683, 7
11230, 632, 398683, 7
11230, 633, 398683, 7
11230, 634, 398683, 7
11230, 635, 398683, 7
11230, 636, 398683, 7
11230, 637, 398683, 7
11230, 638, 398683, 7
11230, 639, 398683, 7
11230, 640, 398683, 7
11230, 641, 398683, 7
11230, 642, 398683, 7
11230, 643, 398683, 7
11230, 644, 398683, 7
11230, 645, 398683, 7
11230, 646, 398683, 7
11230, 647, 398683, 7
11230, 648, 398683, 7
11230, 649, 398683, 7
11230, 650, 398683, 7
11230, 651, 398683, 7
11230, 652, 398683, 7
11230, 653, 398683, 7
11230, 654, 398683, 7
11230, 655, 398683, 7
11230, 656, 398683, 7
11230, 657, 398683, 7
11230, 658, 398683, 7
11230, 659, 398683, 7
11230, 660, 398683, 7